,bin,Pattern,Start,End
1,chr1_138754476,AHB,2,4
2,chr1_138754476,HBIJ,3,6
3,chr1_138754476,IJNCO,5,9
4,chr1_138754476,COD,8,10
5,chr1_138754476,ODKLM,9,13
6,chr1_138754476,LMEF,12,15
7,chr1_138754476,EFGAH,14,18
8,chr1_138754476,AHB,17,19
9,chr1_138754476,HBIJ,18,21
10,chr1_138754476,IJNCO,20,24
11,chr1_138754476,COD,23,25
12,chr1_138754476,ODKLM,24,28
13,chr1_138754476,LMEF,27,30
14,chr1_138754476,EFGAH,29,33
15,chr1_138754476,AHB,32,34
16,chr1_138754476,HBIJ,33,36
17,chr1_138754476,IJNCO,35,39
18,chr1_138754476,COD,38,40
19,chr1_138754476,ODKLM,39,43
20,chr1_138754476,LMEF,42,45
21,chr1_138754476,HBIJ,47,50
22,chr1_138754476,COD,52,54
23,chr1_138754476,LMEF,55,58
24,chr1_138949210,ABC,3,5
25,chr1_138949210,BCD,4,6
26,chr1_138949210,AEC,7,9
27,chr1_138949210,CFD,9,11
28,chr1_138949210,FDGAB,10,14
29,chr1_138949210,ABC,13,15
30,chr1_138949210,BCAE,14,17
31,chr1_138949210,AEC,16,18
32,chr1_138949210,CFD,18,20
33,chr1_138949210,FDGAB,19,23
34,chr1_138949210,ABC,22,24
35,chr1_138949210,BCAE,23,26
36,chr1_138949210,AEC,25,27
37,chr1_138949210,CFD,27,29
38,chr1_138949210,BCD,37,39
39,chr1_138949210,CDEC,38,41
40,chr1_138949210,BCD,44,46
41,chr1_138949210,CDEC,45,48
42,chr1_138949210,BCD,52,54
43,chr1_138949210,CDEC,53,56
44,chr1_138949210,CFD,56,58
45,chr1_138959210,AGB,1,3
46,chr1_138959210,GBCA,2,5
47,chr1_138959210,CADEHFGB,4,11
48,chr1_138959210,GBCA,10,13
49,chr1_138959210,CADEHFGB,12,19
50,chr1_138959210,GBCA,18,21
51,chr1_138959210,CAG,20,22
52,chr1_138959210,AGB,21,23
53,chr1_138959210,GBCA,22,25
54,chr1_138959210,CAG,24,26
55,chr1_138959210,AGB,25,27
56,chr1_138959210,GBCA,26,29
57,chr1_138959210,CADEHFGB,28,35
58,chr1_138959210,GBCA,34,37
59,chr1_138959210,CAG,36,38
60,chr1_141796071,AAAEFBACGDHA,6,17
61,chr1_141796071,AAAEFBACGDHA,21,32
62,chr1_141796071,IJAA,36,39
63,chr1_141796071,IJAA,43,46
64,chr1_141806071,DEG,9,11
65,chr1_141806071,EGA,10,12
66,chr1_141806071,GABCF,11,15
67,chr1_141806071,DEG,16,18
68,chr1_141806071,EGA,17,19
69,chr1_141806071,EGA,21,23
70,chr1_141806071,GABCF,22,26
71,chr1_141816071,BCDD,13,16
72,chr1_141816071,CDDFG,14,18
73,chr1_141816071,DFGCD,16,20
74,chr1_141816071,CDFHABC,19,25
75,chr1_141816071,BCDD,24,27
76,chr1_141816071,CDDFG,25,29
77,chr1_141816071,DFGCD,27,31
78,chr1_141816071,CDDFG,30,34
79,chr1_141816071,DFGCD,32,36
80,chr1_141816071,CDFHABC,35,41
81,chr1_141816071,BCDD,40,43
82,chr1_141816071,CDDFG,41,45
83,chr1_141816071,DFGCD,43,47
84,chr1_141816071,CDDFG,46,50
85,chr1_141816071,DFGCD,48,52
86,chr1_141816071,CDFHABC,51,57
87,chr1_141816071,BCDD,56,59
88,chr1_141816071,CDDFG,57,61
89,chr1_141816071,DFGCD,59,63
90,chr1_141826071,ABC,1,3
91,chr1_141826071,BCD,2,4
92,chr1_141826071,CBBD,6,9
93,chr1_141826071,DCB,9,11
94,chr1_141826071,CBAB,10,13
95,chr1_141826071,ABC,12,14
96,chr1_141826071,BCD,13,15
97,chr1_141826071,DCB,15,17
98,chr1_141826071,CBBD,16,19
99,chr1_141826071,DCB,19,21
100,chr1_141826071,CBBD,20,23
101,chr1_141826071,DCB,23,25
102,chr1_141826071,CBAB,24,27
103,chr1_141826071,ABC,26,28
104,chr1_141826071,BCD,27,29
105,chr1_141826071,DCB,29,31
106,chr1_141826071,CBBD,30,33
107,chr1_141826071,DCB,33,35
108,chr1_141826071,CBAB,34,37
109,chr1_141826071,ABC,36,38
110,chr1_141826071,BCD,37,39
111,chr1_141826071,DCB,39,41
112,chr1_141826071,CBAB,40,43
113,chr1_141826071,ABC,42,44
114,chr1_141826071,BCD,43,45
115,chr1_141826071,CBAB,51,54
116,chr1_141826071,ABC,53,55
117,chr1_141826071,CBBD,55,58
118,chr1_141826071,DCB,58,60
119,chr1_141826071,CBAB,59,62
120,chr1_141826071,ABC,61,63
121,chr1_141826071,BCD,62,64
122,chr1_141836071,ABDBBE,6,11
123,chr1_141836071,DBBEAB,8,13
124,chr1_141836071,ABDBBE,12,17
125,chr1_141836071,DBBEAB,14,19
126,chr1_141872439,AABC,4,7
127,chr1_141872439,AABC,11,14
128,chr1_141872439,AABC,30,33
129,chr1_141872439,AABC,46,49
130,chr1_141872439,IJA,54,56
131,chr1_141872439,IJA,57,59
132,chr1_141922439,CDEF,4,7
133,chr1_141922439,CDEF,11,14
134,chr1_142062634,BCAA,21,24
135,chr1_142062634,AADE,25,28
136,chr1_142062634,BCAA,35,38
137,chr1_142062634,AADE,38,41
138,chr1_142062634,AACF,51,54
139,chr1_142062634,AACF,61,64
140,chr1_142072634,BCD,2,4
141,chr1_142072634,CDE,3,5
142,chr1_142072634,DEFG,10,13
143,chr1_142072634,FGL,12,14
144,chr1_142072634,GLH,13,15
145,chr1_142072634,HIA,15,17
146,chr1_142072634,CDJDE,19,23
147,chr1_142072634,DEFG,22,25
148,chr1_142072634,FGL,24,26
149,chr1_142072634,GLH,25,27
150,chr1_142072634,HIA,27,29
151,chr1_142072634,CDJDE,31,35
152,chr1_142072634,DEKGL,34,38
153,chr1_142072634,GLH,37,39
154,chr1_142072634,HIA,39,41
155,chr1_142072634,FGL,42,44
156,chr1_142072634,GLH,43,45
157,chr1_142072634,CDE,48,50
158,chr1_142072634,GLH,51,53
159,chr1_142072634,BCD,56,58
160,chr1_142072634,CDE,57,59
161,chr1_142072634,DEKGL,58,62
162,chr1_142072634,GLH,61,63
163,chr1_142072634,HIA,63,65
164,chr1_142117468,AACD,8,11
165,chr1_142117468,CDAA,10,13
166,chr1_142117468,DAABEFAAAGC,11,21
167,chr1_142117468,CDAA,25,28
168,chr1_142117468,AACD,36,39
169,chr1_142117468,CDAA,38,41
170,chr1_142117468,DAABEFAAAGC,39,49
171,chr1_142127468,ACD,7,9
172,chr1_142127468,EFG,10,12
173,chr1_142127468,EFG,20,22
174,chr1_142127468,HIJ,25,27
175,chr1_142127468,ACD,29,31
176,chr1_142127468,HIJ,40,42
177,chr1_232101747,BCDE,3,6
178,chr1_232101747,BCDE,7,10
179,chr1_232101747,GFE,19,21
180,chr1_232101747,EGHIF,21,25
181,chr1_232101747,EGHIF,26,30
182,chr1_232101747,EGHIF,31,35
183,chr1_232101747,GFE,37,39
184,chr1_232101747,GFE,40,42
185,chr1_232101747,FGE,50,52
186,chr1_232101747,FGE,61,63
187,chr1_232165740,BCA,6,8
188,chr1_232165740,CAB,7,9
189,chr1_232165740,BCA,9,11
190,chr1_232165740,CAB,10,12
191,chr1_232274851,CAD,4,6
192,chr1_232274851,CAD,12,14
193,chr1_232274851,DCE,14,16
194,chr1_232274851,EDC,16,18
195,chr1_232274851,EDC,28,30
196,chr1_232274851,DCE,29,31
197,chr1_232413021,ABCB,2,5
198,chr1_232413021,CBD,4,6
199,chr1_232413021,BDBD,5,8
200,chr1_232413021,BDC,7,9
201,chr1_232413021,ABCB,14,17
202,chr1_232413021,CBD,16,18
203,chr1_232413021,BDBD,17,20
204,chr1_232413021,BDC,19,21
205,chr1_232413021,CBD,21,23
206,chr1_232413021,CBD,25,27
207,chr1_232413021,BDC,26,28
208,chr1_232423021,ABC,9,11
209,chr1_232423021,ABC,12,14
210,chr1_232423021,ABC,15,17
211,chr1_232423021,ABC,18,20
212,chr1_232423021,ABC,21,23
213,chr1_232423021,ABC,24,26
214,chr1_232423021,ABC,27,29
215,chr1_232610005,BAC,21,23
216,chr1_232610005,BAC,24,26
217,chr1_232610005,BAC,29,31
218,chr1_232750358,CBA,16,18
219,chr1_232750358,CBA,19,21
220,chr1_232760358,ABCDFA,2,7
221,chr1_232760358,FAE,6,8
222,chr1_232760358,AEFA,7,10
223,chr1_232760358,FAE,9,11
224,chr1_232760358,AEAB,10,13
225,chr1_232760358,AEFA,15,18
226,chr1_232760358,FAE,17,19
227,chr1_232760358,AEAB,18,21
228,chr1_232760358,ABCDFA,20,25
229,chr1_232760358,FAE,24,26
230,chr1_232760358,AEFA,25,28
231,chr1_232760358,FAE,27,29
232,chr1_255455172,BCDEF,6,10
233,chr1_255455172,BCDEF,14,18
234,chr1_255553915,ABCDEFG,15,21
235,chr1_255553915,AHIJKLMNO,23,31
236,chr1_255553915,ABCDEFG,32,38
237,chr1_255553915,AHIJKLMNO,39,47
238,chr1_473438,BCBDEBI,3,9
239,chr1_473438,BIFG,8,11
240,chr1_473438,BCBDEBI,15,21
241,chr1_473438,BIFG,20,23
242,chr1_473438,FGHB,22,25
243,chr1_473438,BIFG,25,28
244,chr1_473438,FGHB,27,30
245,chr1_89855585,CDEFABG,8,14
246,chr1_89855585,DEFABGC,9,15
247,chr1_89855585,CDEFABG,15,21
248,chr1_89855585,DEFABGC,16,22
249,chr10_142653166,BCA,4,6
250,chr10_142653166,BCA,11,13
251,chr10_142733166,CAB,4,6
252,chr10_142733166,BCA,6,8
253,chr10_142733166,CAB,7,9
254,chr10_142733166,CAAB,15,18
255,chr10_142733166,BCA,18,20
256,chr10_142733166,CAB,19,21
257,chr10_142733166,BCA,21,23
258,chr10_142733166,CAB,22,24
259,chr10_142733166,BCA,24,26
260,chr10_142733166,CAB,25,27
261,chr10_142733166,BCA,35,37
262,chr10_142733166,CAAB,36,39
263,chr10_142733166,BCA,39,41
264,chr10_142733166,CAB,40,42
265,chr10_142815397,ABC,1,3
266,chr10_142815397,ABC,4,6
267,chr10_142815397,ABC,7,9
268,chr10_142815397,ABC,10,12
269,chr10_142815397,ABC,13,15
270,chr10_142815397,ABC,16,18
271,chr10_142815397,ABC,19,21
272,chr10_142815397,ABC,22,24
273,chr10_142815397,ABC,25,27
274,chr10_143015487,CDEFG,18,22
275,chr10_143015487,CDEFG,30,34
276,chr10_143035487,ABC,1,3
277,chr10_143035487,BCD,2,4
278,chr10_143035487,BDC,6,8
279,chr10_143035487,CDB,10,12
280,chr10_143035487,BCD,12,14
281,chr10_143035487,CDB,13,15
282,chr10_143035487,ABC,17,19
283,chr10_143035487,BCD,22,24
284,chr10_143035487,DCCB,24,27
285,chr10_143035487,CBD,26,28
286,chr10_143035487,BDC,29,31
287,chr10_143035487,CDB,31,33
288,chr10_143035487,BDC,33,35
289,chr10_143035487,DCCB,34,37
290,chr10_143035487,CBD,36,38
291,chr10_143035487,BDC,37,39
292,chr10_143035487,DCB,38,40
293,chr10_143035487,CBD,39,41
294,chr10_143035487,BDDC,40,43
295,chr10_143035487,DCB,42,44
296,chr10_143035487,CBD,43,45
297,chr10_143035487,BDDC,44,47
298,chr10_143035487,DCB,46,48
299,chr10_143035487,CBD,47,49
300,chr10_143035487,BDC,48,50
301,chr10_143035487,DCB,49,51
302,chr10_143035487,CBD,50,52
303,chr10_143035487,BDC,51,53
304,chr10_143035487,DCB,57,59
305,chr10_143035487,CBD,58,60
306,chr10_143247322,ABAB,2,5
307,chr10_143247322,ABAB,6,9
308,chr10_143247322,ABBA,19,22
309,chr10_143247322,ABBA,25,28
310,chr10_143315343,ABC,5,7
311,chr10_143315343,BCA,6,8
312,chr10_143315343,ABC,8,10
313,chr10_143315343,BCA,9,11
314,chr10_143315343,ABC,11,13
315,chr10_143315343,BCA,12,14
316,chr10_143315343,ABC,14,16
317,chr10_143315343,BCA,26,28
318,chr10_143315343,ABC,28,30
319,chr10_143490853,ABC,2,4
320,chr10_143490853,BCA,3,5
321,chr10_143490853,CAB,4,6
322,chr10_143490853,ABC,5,7
323,chr10_143490853,BCA,6,8
324,chr10_143490853,BCA,12,14
325,chr10_143490853,CAB,13,15
326,chr10_143490853,ABC,14,16
327,chr10_143490853,BCA,15,17
328,chr10_143490853,CAB,16,18
329,chr10_143575280,ABC,2,4
330,chr10_143575280,BCA,3,5
331,chr10_143575280,ABC,5,7
332,chr10_143575280,BCA,6,8
333,chr10_143575280,ABC,8,10
334,chr10_143575280,BCA,9,11
335,chr10_143575280,ABC,11,13
336,chr10_143575280,BCA,12,14
337,chr10_143575280,ABC,14,16
338,chr10_143575280,BCA,19,21
339,chr10_143575280,ABC,21,23
340,chr10_143575280,BCA,22,24
341,chr10_143575280,ABC,24,26
342,chr10_143575280,BCA,25,27
343,chr10_143575280,ABC,27,29
344,chr10_143575280,BCA,28,30
345,chr10_143575280,ABC,30,32
346,chr10_143575280,BCA,31,33
347,chr10_143575280,ABC,33,35
348,chr10_143575280,BCA,34,36
349,chr10_143575280,ABC,36,38
350,chr10_143575280,BCA,37,39
351,chr10_143575280,ABC,39,41
352,chr10_143575280,BCA,40,42
353,chr10_143575280,ABC,42,44
354,chr10_143575280,BCA,43,45
355,chr10_143701708,ABC,2,4
356,chr10_143701708,ABC,5,7
357,chr10_143701708,ABC,8,10
358,chr10_143751715,ABC,2,4
359,chr10_143751715,BCAB,3,6
360,chr10_143751715,BCAB,7,10
361,chr10_143751715,ABC,9,11
362,chr10_143785413,BCDEFGD,3,9
363,chr10_143785413,BCDEFGD,10,16
364,chr10_143795413,BAC,4,6
365,chr10_143795413,ACAC,5,8
366,chr10_143795413,BAC,9,11
367,chr10_143795413,ACAC,10,13
368,chr10_143795413,BAC,14,16
369,chr10_143795413,CBCB,16,19
370,chr10_143795413,BAC,21,23
371,chr10_143795413,BAC,24,26
372,chr10_143795413,CBCB,26,29
373,chr10_143795413,CAB,39,41
374,chr10_143795413,CAB,46,48
375,chr10_143889335,ABC,1,3
376,chr10_143889335,BCA,2,4
377,chr10_143889335,ABC,4,6
378,chr10_143889335,BCA,5,7
379,chr10_143889335,ABC,7,9
380,chr10_143889335,BCBC,8,11
381,chr10_143889335,BCA,10,12
382,chr10_143889335,ABC,12,14
383,chr10_143889335,BCA,13,15
384,chr10_143889335,ABC,15,17
385,chr10_143889335,BCBC,16,19
386,chr10_143889335,BCA,18,20
387,chr10_143889335,ABC,20,22
388,chr10_143889335,BCBC,21,24
389,chr10_143889335,BCA,23,25
390,chr10_143889335,ABC,25,27
391,chr10_143889335,BCA,26,28
392,chr10_143889335,ABC,28,30
393,chr10_143889335,BCA,29,31
394,chr10_153280355,ABC,1,3
395,chr10_153280355,CAB,3,5
396,chr10_153280355,ABC,4,6
397,chr10_153280355,CAB,6,8
398,chr10_153280355,ABC,7,9
399,chr10_153280355,CAB,9,11
400,chr10_153290355,ABC,2,4
401,chr10_153290355,BCA,3,5
402,chr10_153290355,CAB,4,6
403,chr10_153290355,ABC,5,7
404,chr10_153290355,BCA,8,10
405,chr10_153290355,CAB,9,11
406,chr10_153290355,ABC,10,12
407,chr10_153290355,BCA,11,13
408,chr10_153290355,CAB,12,14
409,chr10_153290355,ABC,13,15
410,chr10_153290355,BCA,14,16
411,chr10_153290355,CAB,15,17
412,chr10_153300355,ABC,2,4
413,chr10_153300355,BCA,3,5
414,chr10_153300355,CAB,4,6
415,chr10_153300355,ABC,5,7
416,chr10_153300355,CAB,9,11
417,chr10_153300355,ABC,10,12
418,chr10_153300355,BCA,11,13
419,chr10_153300355,CAB,12,14
420,chr10_153300355,ABC,13,15
421,chr10_153300355,BCA,14,16
422,chr10_153300355,CAB,15,17
423,chr10_153300355,ABC,16,18
424,chr10_153300355,BCA,17,19
425,chr10_153300355,CAB,18,20
426,chr10_153300355,ABC,19,21
427,chr10_153300355,BCA,20,22
428,chr10_153300355,CAB,21,23
429,chr10_153300355,ABC,22,24
430,chr10_153300355,BCA,23,25
431,chr10_153300355,CAB,24,26
432,chr10_153300355,ABC,25,27
433,chr10_153300355,BCA,26,28
434,chr10_153344085,ABC,2,4
435,chr10_153344085,CAB,4,6
436,chr10_153344085,ABC,5,7
437,chr10_153344085,CAB,7,9
438,chr10_153344085,ABC,8,10
439,chr10_153344085,CAB,10,12
440,chr10_153344085,ABC,11,13
441,chr10_153344085,CAB,13,15
442,chr10_153344085,ABC,14,16
443,chr10_153344085,CAB,16,18
444,chr10_153344085,ABC,17,19
445,chr10_153344085,CAB,19,21
446,chr10_153344085,ABC,20,22
447,chr10_153344085,CAB,22,24
448,chr10_153344085,ABC,23,25
449,chr10_153344085,CAB,25,27
450,chr10_153344085,ABC,26,28
451,chr10_153344085,CAB,28,30
452,chr10_153344085,ABC,29,31
453,chr10_153344085,CAB,31,33
454,chr10_153344085,ABC,32,34
455,chr10_153344085,ABC,51,53
456,chr10_153344085,CAB,53,55
457,chr10_153547145,ABC,3,5
458,chr10_153547145,CBA,14,16
459,chr10_153547145,BAC,15,17
460,chr10_153547145,CBA,17,19
461,chr10_153547145,BAC,18,20
462,chr10_153547145,BAC,22,24
463,chr10_153547145,CBA,24,26
464,chr10_153547145,BAC,25,27
465,chr10_153547145,CAB,47,49
466,chr10_153547145,ABC,48,50
467,chr10_153547145,BCA,49,51
468,chr10_153547145,CAB,50,52
469,chr10_153547145,ABC,51,53
470,chr10_153547145,BCA,59,61
471,chr10_153631853,ABC,1,3
472,chr10_153631853,ABDB,4,7
473,chr10_153631853,ABC,9,11
474,chr10_153631853,ABC,12,14
475,chr10_153631853,ABDB,15,18
476,chr10_153631853,ABDB,20,23
477,chr10_153651853,ABC,3,5
478,chr10_153651853,BCA,4,6
479,chr10_153651853,CAB,5,7
480,chr10_153651853,ABC,6,8
481,chr10_153651853,BCA,7,9
482,chr10_153651853,CAB,8,10
483,chr10_153651853,ABC,9,11
484,chr10_153651853,CAB,13,15
485,chr10_153651853,ABC,14,16
486,chr10_153651853,BCA,15,17
487,chr10_153651853,CAB,16,18
488,chr10_153651853,ABC,17,19
489,chr10_153651853,BCA,18,20
490,chr10_153651853,CAB,19,21
491,chr10_153651853,ABC,20,22
492,chr10_153651853,BCA,21,23
493,chr10_153651853,CAB,22,24
494,chr10_153651853,BCA,27,29
495,chr10_153651853,CAB,28,30
496,chr10_153651853,ABC,29,31
497,chr10_153651853,BCA,30,32
498,chr10_153920151,ABC,2,4
499,chr10_153920151,BCA,3,5
500,chr10_153920151,ABC,5,7
501,chr10_153920151,BCA,6,8
502,chr10_153920151,ABC,8,10
503,chr10_153920151,BCA,9,11
504,chr10_153920151,ABC,11,13
505,chr10_153920151,BCA,12,14
506,chr10_153920151,ABC,14,16
507,chr10_153920151,BCA,15,17
508,chr10_153920151,ABC,17,19
509,chr10_153920151,BCA,18,20
510,chr10_153930151,ABC,1,3
511,chr10_153930151,CADBC,3,7
512,chr10_153930151,ABC,8,10
513,chr10_153930151,CADBC,10,14
514,chr10_154225481,CBA,10,12
515,chr10_154225481,CBA,16,18
516,chr10_154265481,ABC,2,4
517,chr10_154265481,ABC,5,7
518,chr10_154265481,CBA,11,13
519,chr10_154265481,CBA,14,16
520,chr10_154265481,CBA,17,19
521,chr10_154265481,ACADCCB,19,25
522,chr10_154265481,CBA,24,26
523,chr10_154265481,ACADCCB,26,32
524,chr10_154265481,CBA,31,33
525,chr10_154265481,CBA,34,36
526,chr10_154345481,ABCDE,21,25
527,chr10_154345481,ABCDE,32,36
528,chr10_154444883,ABC,1,3
529,chr10_154444883,BCA,2,4
530,chr10_154444883,ABC,4,6
531,chr10_154444883,BCA,5,7
532,chr10_154444883,ABC,11,13
533,chr10_154444883,BCA,12,14
534,chr10_154444883,ABC,19,21
535,chr10_154444883,BCA,20,22
536,chr10_154484883,ABJCDKEAFGHA,6,17
537,chr10_154484883,ABJCDKEAFGHA,20,31
538,chr10_154527091,ABBA,2,5
539,chr10_154527091,ABBA,13,16
540,chr10_154527091,BABC,15,18
541,chr10_154527091,ABBA,27,30
542,chr10_154527091,BABC,29,32
543,chr10_154527091,ABBA,33,36
544,chr10_154527091,BABC,35,38
545,chr10_154614908,ABC,3,5
546,chr10_154614908,ABC,6,8
547,chr10_154614908,ABC,9,11
548,chr10_154614908,ABC,12,14
549,chr10_154614908,ABC,15,17
550,chr10_154624908,BCAB,2,5
551,chr10_154624908,BCAB,20,23
552,chr10_154634908,CAB,4,6
553,chr10_154634908,CAB,7,9
554,chr10_154644908,ABC,1,3
555,chr10_154644908,ABC,4,6
556,chr10_154644908,ABC,7,9
557,chr10_154644908,ABC,10,12
558,chr10_154644908,ABC,13,15
559,chr10_154895941,ABC,2,4
560,chr10_154895941,CAB,4,6
561,chr10_154895941,ABC,5,7
562,chr10_154895941,CAB,9,11
563,chr10_154895941,ABC,10,12
564,chr10_154895941,CAB,12,14
565,chr10_154895941,ABC,13,15
566,chr10_154895941,CAB,15,17
567,chr10_154895941,ABC,16,18
568,chr10_154895941,CAB,18,20
569,chr10_154895941,ABC,19,21
570,chr10_154895941,CAB,21,23
571,chr10_154895941,ABC,22,24
572,chr10_154895941,CAB,24,26
573,chr10_155228928,ABC,1,3
574,chr10_155228928,CAB,3,5
575,chr10_155228928,ABC,4,6
576,chr10_155228928,CAB,6,8
577,chr10_155238928,ABC,1,3
578,chr10_155238928,CAB,3,5
579,chr10_155238928,ABC,4,6
580,chr10_155238928,CAB,6,8
581,chr10_155238928,ABC,7,9
582,chr10_155238928,CAB,9,11
583,chr10_155238928,ABC,10,12
584,chr10_155238928,CAB,12,14
585,chr10_155238928,ABC,13,15
586,chr10_155238928,CAB,15,17
587,chr10_155238928,ABC,16,18
588,chr10_155238928,CAB,18,20
589,chr10_155258928,ABC,2,4
590,chr10_155258928,CAB,4,6
591,chr10_155258928,ABC,5,7
592,chr10_155258928,CAB,7,9
593,chr10_155258928,ABC,8,10
594,chr10_155258928,CAB,12,14
595,chr10_155258928,ABC,13,15
596,chr10_155258928,CAB,15,17
597,chr10_155258928,ABC,16,18
598,chr10_155258928,CAB,18,20
599,chr10_155258928,ABC,19,21
600,chr10_155258928,CAB,21,23
601,chr10_155258928,ABC,22,24
602,chr10_155258928,CAB,24,26
603,chr10_155258928,ABC,25,27
604,chr10_155910219,ABC,2,4
605,chr10_155910219,ABC,5,7
606,chr10_155910219,ABC,8,10
607,chr10_160358436,ABC,9,11
608,chr10_160358436,BCDA,10,13
609,chr10_160358436,ABC,15,17
610,chr10_160358436,BCDA,16,19
611,chr10_160358436,ABC,19,21
612,chr10_160358436,BCDA,20,23
613,chr10_160358436,ABC,23,25
614,chr10_160358436,BCA,24,26
615,chr10_160358436,CAB,25,27
616,chr10_160358436,ABC,26,28
617,chr10_160358436,CAB,29,31
618,chr10_160358436,ABC,30,32
619,chr10_160358436,BCA,31,33
620,chr10_160358436,CAB,32,34
621,chr10_160358436,ABC,33,35
622,chr10_160358436,BCA,34,36
623,chr10_160358436,CAB,35,37
624,chr10_160358436,ABC,36,38
625,chr10_160358436,BCA,40,42
626,chr10_160358436,CAB,41,43
627,chr10_160358436,ABC,42,44
628,chr10_160358436,BCA,43,45
629,chr10_160358436,CAB,44,46
630,chr10_160358436,ABC,45,47
631,chr10_160358436,BCA,46,48
632,chr10_160358436,CAB,47,49
633,chr10_160358436,ABC,48,50
634,chr10_160358436,BCA,49,51
635,chr10_160358436,CAB,55,57
636,chr10_160358436,ABC,56,58
637,chr10_160358436,ACBE,63,66
638,chr10_160358436,BEAC,65,68
639,chr10_160358436,ACBE,67,70
640,chr10_160358436,BEAC,69,72
641,chr10_160358436,ACBE,71,74
642,chr10_160358436,BEAC,73,76
643,chr10_160358436,ACBE,75,78
644,chr10_160654052,BABA,11,14
645,chr10_160654052,BAC,13,15
646,chr10_160654052,ACB,14,16
647,chr10_160654052,BABA,16,19
648,chr10_160654052,BAC,18,20
649,chr10_160654052,ACB,21,23
650,chr10_160654052,BAC,23,25
651,chr10_160654052,ACB,24,26
652,chr10_160654052,CBCB,25,28
653,chr10_160654052,BAC,28,30
654,chr10_160654052,ACB,29,31
655,chr10_160654052,CBCB,30,33
656,chr10_160654052,BABA,33,36
657,chr10_160654052,BAC,35,37
658,chr10_160654052,ACB,36,38
659,chr10_160654052,BAC,39,41
660,chr10_160654052,ACB,40,42
661,chr10_160654052,BAC,42,44
662,chr10_160654052,ACB,43,45
663,chr10_160654052,BAC,45,47
664,chr10_160654052,ACB,46,48
665,chr10_160654052,BAC,48,50
666,chr10_160654052,ACB,49,51
667,chr10_160654052,BAC,51,53
668,chr10_160654052,ACB,52,54
669,chr10_160722572,BCD,2,4
670,chr10_160722572,DBC,4,6
671,chr10_160722572,BCD,5,7
672,chr10_160722572,DBC,7,9
673,chr10_160722572,BCD,8,10
674,chr10_160722572,DBC,10,12
675,chr10_160778299,ABC,1,3
676,chr10_160778299,CAB,3,5
677,chr10_160778299,ABC,4,6
678,chr10_160778299,CAB,6,8
679,chr10_160778299,ABC,7,9
680,chr10_160778299,CAB,9,11
681,chr10_160778299,ABC,10,12
682,chr10_160778299,CAB,12,14
683,chr10_160778299,ABC,13,15
684,chr10_160778299,CAB,15,17
685,chr10_160831030,BABC,5,8
686,chr10_160831030,BCD,7,9
687,chr10_160831030,DBAB,9,12
688,chr10_160831030,BABC,10,13
689,chr10_160831030,BCD,12,14
690,chr10_160831030,DBAB,14,17
691,chr10_160831030,BABC,15,18
692,chr10_160831030,BCD,17,19
693,chr10_160831030,BCD,20,22
694,chr10_160831030,BCD,25,27
695,chr10_160831030,BCD,28,30
696,chr10_160877090,ABC,2,4
697,chr10_160877090,ABC,5,7
698,chr10_160877090,ABC,18,20
699,chr10_39945984,BCD,2,4
700,chr10_39945984,BCD,5,7
701,chr10_39945984,BCD,8,10
702,chr10_39945984,BCD,11,13
703,chr10_39945984,BCD,14,16
704,chr10_39945984,BCD,17,19
705,chr10_39945984,BCD,20,22
706,chr10_39945984,BCD,23,25
707,chr10_39945984,BCD,26,28
708,chr10_39955984,BCD,2,4
709,chr10_39955984,BCD,5,7
710,chr10_39955984,BCD,8,10
711,chr10_39955984,BCD,11,13
712,chr10_39955984,BCD,14,16
713,chr10_39955984,BCD,17,19
714,chr10_39955984,BCD,20,22
715,chr10_39955984,BCD,23,25
716,chr10_39955984,BCD,26,28
717,chr10_39955984,BCD,29,31
718,chr10_39955984,BCD,32,34
719,chr10_39955984,DBDB,34,37
720,chr10_39955984,BDBD,35,38
721,chr10_39955984,DBDB,38,41
722,chr10_39955984,BDBD,39,42
723,chr10_49595807,FHGA,1,4
724,chr10_49595807,GAEB,3,6
725,chr10_49595807,EBBC,5,8
726,chr10_49595807,BCDF,7,10
727,chr10_49595807,FHGA,10,13
728,chr10_49595807,GAEB,12,15
729,chr10_49595807,EBBC,14,17
730,chr10_49595807,BCDF,16,19
731,chr10_49595807,FHGA,19,22
732,chr10_49595807,GAEB,21,24
733,chr10_49595807,EBBC,23,26
734,chr10_49595807,BCDF,25,28
735,chr10_49595807,FHGA,28,31
736,chr10_49595807,GAEB,30,33
737,chr10_49595807,EBBC,32,35
738,chr10_49595807,BCDF,34,37
739,chr10_49595807,FHGA,37,40
740,chr10_49595807,GAEB,39,42
741,chr10_49595807,EBBC,41,44
742,chr10_49595807,BCDF,43,46
743,chr10_49595807,FHGA,46,49
744,chr10_49595807,GAEB,48,51
745,chr10_49595807,EBBC,50,53
746,chr10_49595807,BCDF,52,55
747,chr10_49595807,GAEB,57,60
748,chr10_49595807,BCDF,60,63
749,chr10_49605807,ABC,6,8
750,chr10_49605807,DIE,9,11
751,chr10_49605807,ABC,15,17
752,chr10_49605807,EJGKABHDI,20,28
753,chr10_49605807,DIE,27,29
754,chr10_49605807,EJGKABHDI,30,38
755,chr10_49605807,DIE,37,39
756,chr10_49605807,ABC,47,49
757,chr10_49911362,ABABC,1,5
758,chr10_49911362,EABA,16,19
759,chr10_49911362,EABA,30,33
760,chr10_49911362,ABABC,31,35
761,chr10_49931362,BCH,10,12
762,chr10_49931362,CHDE,11,14
763,chr10_49931362,DEFGBC,13,18
764,chr10_49931362,BCH,17,19
765,chr10_49931362,CHDE,18,21
766,chr10_49931362,AIJA,26,29
767,chr10_49931362,JACH,28,31
768,chr10_49931362,CHDE,30,33
769,chr10_49931362,DEFGBC,32,37
770,chr10_49931362,BCH,36,38
771,chr10_49931362,CHDE,37,40
772,chr10_49931362,AIJA,41,44
773,chr10_49931362,JACH,43,46
774,chr10_49931362,CHDE,45,48
775,chr10_49931362,DEFGBC,47,52
776,chr10_49931362,BCH,51,53
777,chr10_49931362,CHDE,52,55
778,chr10_49931362,AIJA,60,63
779,chr10_49990044,EBFA,6,9
780,chr10_49990044,EBFA,10,13
781,chr10_49990044,ACGHKIGJ,13,20
782,chr10_49990044,GJLA,19,22
783,chr10_49990044,ACGHKIGJ,22,29
784,chr10_49990044,GJLA,28,31
785,chr10_49990044,DMBNAOCG,34,41
786,chr10_49990044,GJLA,43,46
787,chr10_49990044,DMBNAOCG,49,56
788,chr10_52669219,AGFBC,1,5
789,chr10_52669219,DECCA,6,10
790,chr10_52669219,AGFBC,10,14
791,chr10_52669219,DECCA,20,24
792,chr3_85140417,AACDJEA,6,12
793,chr3_85140417,EAKAFGAAHI,11,20
794,chr3_85140417,HIEA,19,22
795,chr3_85140417,AACDJEA,22,28
796,chr3_85140417,EAKAFGAAHI,27,36
797,chr3_85140417,HIEA,35,38
798,chr3_85140417,EAKAFGAAHI,37,46
799,chr3_85140417,HILAEA,45,50
800,chr3_85140417,EAKAFGAAHI,49,58
801,chr3_85140417,HILAEA,57,62
802,chr3_85150417,BCDEAFGHA,15,23
803,chr3_85150417,IJK,31,33
804,chr3_85150417,IJK,50,52
805,chr3_85150417,BCDEAFGHA,55,63
806,chr3_87629477,EAC,3,5
807,chr3_87629477,ACDEBE,4,9
808,chr3_87629477,EAC,9,11
809,chr3_87629477,ACDEBE,10,15
810,chr3_87629477,EAC,15,17
811,chr3_87639477,AHBHCAD,2,8
812,chr3_87639477,IEF,10,12
813,chr3_87639477,EFGA,11,14
814,chr3_87639477,AHBHCAD,15,21
815,chr3_87639477,IEF,22,24
816,chr3_87639477,EFGA,23,26
817,chr3_87639477,AHBHCAD,26,32
818,chr3_87639477,ADE,31,33
819,chr3_87639477,EFGA,34,37
820,chr3_87639477,ADE,39,41
821,chr3_87639477,EFGA,41,44
822,chr3_87812275,ABDC,1,4
823,chr3_87812275,DCDDEF,3,8
824,chr3_87812275,ABDC,10,13
825,chr3_87812275,DCDDEF,12,17
826,chr3_87812275,ABDC,23,26
827,chr3_87894337,CDHEFAGBI,6,14
828,chr3_87894337,DHEFAGBIC,7,15
829,chr3_87894337,CDHEFAGBI,15,23
830,chr3_87894337,DHEFAGBIC,16,24
831,chr3_87904337,BACD,10,13
832,chr3_87904337,BACD,30,33
833,chr4_106925178,ABFC,1,4
834,chr4_106925178,FCDEGAB,3,9
835,chr4_106925178,ABFC,8,11
836,chr4_106925178,FCDEGAB,10,16
837,chr4_106925178,ABFC,15,18
838,chr4_106925178,FCEGHAB,17,23
839,chr4_106925178,ABFC,22,25
840,chr4_106925178,FCDEGAB,24,30
841,chr4_106925178,ABFC,29,32
842,chr4_106925178,FCEGHAB,31,37
843,chr4_106984820,FABEC,1,5
844,chr4_106984820,ECD,4,6
845,chr4_106984820,ECD,8,10
846,chr4_106984820,CDJFGHIJF,9,17
847,chr4_106984820,FABEC,17,21
848,chr4_106984820,ECD,20,22
849,chr4_106984820,CDJFGHIJF,21,29
850,chr4_106984820,CDJFGHIJF,33,41
851,chr4_106994820,AHBCF,2,6
852,chr4_106994820,CFD,5,7
853,chr4_106994820,FDE,6,8
854,chr4_106994820,DEIC,7,10
855,chr4_106994820,CFD,10,12
856,chr4_106994820,DGAH,12,15
857,chr4_106994820,AHBCF,14,18
858,chr4_106994820,CFD,17,19
859,chr4_106994820,FDE,18,20
860,chr4_106994820,DEIC,19,22
861,chr4_106994820,CFD,22,24
862,chr4_106994820,DGAH,24,27
863,chr4_106994820,AHBCF,26,30
864,chr4_106994820,CFD,29,31
865,chr4_106994820,FDE,30,32
866,chr4_106994820,DEIC,31,34
867,chr4_106994820,CFD,36,38
868,chr4_106994820,DGAH,38,41
869,chr4_106994820,AHJC,40,43
870,chr4_106994820,JCF,42,44
871,chr4_106994820,CFD,43,45
872,chr4_106994820,FDE,44,46
873,chr4_106994820,CFD,48,50
874,chr4_106994820,DGAH,50,53
875,chr4_106994820,AHJC,52,55
876,chr4_106994820,JCF,54,56
877,chr4_106994820,CFD,55,57
878,chr4_106994820,DKJC,63,66
879,chr4_106994820,JCF,65,67
880,chr4_106994820,CFD,66,68
881,chr4_106994820,JCF,70,72
882,chr4_106994820,CFD,71,73
883,chr4_106994820,FDE,72,74
884,chr4_106994820,DKJC,76,79
885,chr4_106994820,JCF,78,80
886,chr4_106994820,CFD,79,81
887,chr4_106994820,FDE,80,82
888,chr4_107014820,AEB,1,3
889,chr4_107014820,FKG,4,6
890,chr4_107014820,KGE,5,7
891,chr4_107014820,EBCE,7,10
892,chr4_107014820,AEB,12,14
893,chr4_107014820,FKG,15,17
894,chr4_107014820,KGE,16,18
895,chr4_107014820,EBCE,18,21
896,chr4_107014820,AEB,23,25
897,chr4_107014820,EBCE,24,27
898,chr4_107014820,JBF,34,36
899,chr4_107014820,FKG,36,38
900,chr4_107014820,KGE,37,39
901,chr4_107014820,FKG,41,43
902,chr4_107014820,KGE,42,44
903,chr4_107014820,AEB,46,48
904,chr4_107014820,FKG,49,51
905,chr4_107014820,KGE,50,52
906,chr4_107014820,EBCE,52,55
907,chr4_107014820,AEB,57,59
908,chr4_107014820,FKG,60,62
909,chr4_107014820,KGE,61,63
910,chr4_107014820,EBCE,63,66
911,chr4_107014820,AEB,68,70
912,chr4_107014820,EBCE,69,72
913,chr4_107014820,JBF,80,82
914,chr4_107014820,FKG,82,84
915,chr4_107014820,KGE,83,85
916,chr4_107014820,KGE,88,90
917,chr4_107014820,AEB,92,94
918,chr4_107014820,FKG,95,97
919,chr4_107014820,KGE,96,98
920,chr4_107014820,FKG,100,102
921,chr4_107014820,KGE,101,103
922,chr4_107014820,FKG,105,107
923,chr4_107014820,KGE,106,108
924,chr4_107014820,EBCE,108,111
925,chr4_107014820,MBF,114,116
926,chr4_107014820,FKG,116,118
927,chr4_107014820,KGE,117,119
928,chr4_107014820,EBCE,119,122
929,chr4_107014820,FKG,124,126
930,chr4_107014820,KGE,125,127
931,chr4_107014820,EBCE,127,130
932,chr4_107014820,FKG,132,134
933,chr4_107014820,KGE,133,135
934,chr4_107014820,EBCE,135,138
935,chr4_107014820,MBF,141,143
936,chr4_107014820,FKG,143,145
937,chr4_107014820,KGE,144,146
938,chr4_107014820,EBCE,146,149
939,chr4_107014820,FKG,151,153
940,chr4_107014820,KGE,152,154
941,chr4_107014820,EBCE,154,157
942,chr4_107014820,FKG,159,161
943,chr4_107014820,KGE,160,162
944,chr4_107014820,EBCE,162,165
945,chr4_107054820,FAB,1,3
946,chr4_107054820,ABCD,2,5
947,chr4_107054820,CDG,4,6
948,chr4_107054820,FAB,12,14
949,chr4_107054820,ABCD,13,16
950,chr4_107054820,CDG,15,17
951,chr4_107054820,ABCD,18,21
952,chr4_107054820,CDG,20,22
953,chr4_107054820,GAEH,22,25
954,chr4_107054820,HDG,25,27
955,chr4_107054820,GIHJH,27,31
956,chr4_107054820,JHD,30,32
957,chr4_107054820,HDG,31,33
958,chr4_107054820,JHD,36,38
959,chr4_107054820,HDG,37,39
960,chr4_107054820,GIHJH,39,43
961,chr4_107054820,CDG,45,47
962,chr4_107054820,HDG,48,50
963,chr4_107054820,JHD,52,54
964,chr4_107054820,HDG,53,55
965,chr4_107054820,ALJ,56,58
966,chr4_107054820,HMAL,59,62
967,chr4_107054820,ALJ,61,63
968,chr4_107054820,LJNAB,62,66
969,chr4_107054820,ABCD,65,68
970,chr4_107054820,CDG,67,69
971,chr4_107054820,GAEH,69,72
972,chr4_107054820,HMAL,72,75
973,chr4_107054820,ALJ,74,76
974,chr4_107054820,LJNAB,75,79
975,chr4_107074820,ABCDE,3,7
976,chr4_107074820,ABCDE,8,12
977,chr4_107074820,ABFGBFHE,13,20
978,chr4_107074820,BFGBFHEA,14,21
979,chr4_107074820,ABFGBFHE,21,28
980,chr4_107074820,BFGBFHEA,22,29
981,chr4_107074820,ABFGBFHE,29,36
982,chr4_107074820,BFGBFHEA,30,37
983,chr4_107084820,ABC,2,4
984,chr4_107084820,DEFGB,5,9
985,chr4_107084820,ABC,13,15
986,chr4_107084820,DEFGB,16,20
987,chr4_107084820,DEFGB,25,29
988,chr4_107124498,ABC,2,4
989,chr4_107124498,BCD,3,5
990,chr4_107124498,DEAB,5,8
991,chr4_107124498,ABC,7,9
992,chr4_107124498,BCD,8,10
993,chr4_107124498,DEAB,10,13
994,chr4_107124498,ABC,12,14
995,chr4_107124498,BCF,13,15
996,chr4_107124498,CFDE,14,17
997,chr4_107124498,DEAB,16,19
998,chr4_107124498,ABC,18,20
999,chr4_107124498,BCF,19,21
1000,chr4_107124498,CFAB,20,23
1001,chr4_107124498,ABC,22,24
1002,chr4_107124498,BCF,23,25
1003,chr4_107124498,BCF,27,29
1004,chr4_107124498,CFDE,28,31
1005,chr4_107124498,DEAB,30,33
1006,chr4_107124498,ABC,32,34
1007,chr4_107124498,BCF,33,35
1008,chr4_107124498,CFAB,34,37
1009,chr4_107124498,ABC,36,38
1010,chr4_107124498,BCD,37,39
1011,chr4_107134498,BCD,2,4
1012,chr4_107134498,DEFG,4,7
1013,chr4_107134498,FGB,6,8
1014,chr4_107134498,BCD,8,10
1015,chr4_107134498,BCD,12,14
1016,chr4_107134498,BCD,16,18
1017,chr4_107134498,CDFG,17,20
1018,chr4_107134498,FGB,19,21
1019,chr4_107134498,BCD,21,23
1020,chr4_107134498,BCD,25,27
1021,chr4_107134498,CDFG,26,29
1022,chr4_107134498,FGB,28,30
1023,chr4_107134498,BCD,30,32
1024,chr4_107134498,EBGB,33,36
1025,chr4_107134498,BCD,36,38
1026,chr4_107134498,DEFG,38,41
1027,chr4_107134498,FGB,40,42
1028,chr4_107134498,BCD,42,44
1029,chr4_107134498,EBGB,45,48
1030,chr4_107134498,BCD,48,50
1031,chr4_107134498,DEFG,50,53
1032,chr4_107134498,FGB,52,54
1033,chr4_107134498,BCD,54,56
1034,chr4_107134498,DEFG,56,59
1035,chr4_107134498,FGB,58,60
1036,chr4_107134498,BCD,60,62
1037,chr4_107134498,DEFG,62,65
1038,chr4_107134498,FGB,64,66
1039,chr4_107134498,BCD,66,68
1040,chr4_107134498,EBGB,69,72
1041,chr4_107134498,BCD,72,74
1042,chr4_107134498,CDFG,75,78
1043,chr4_107134498,FGB,77,79
1044,chr4_107154498,AFBC,1,4
1045,chr4_107154498,AFBC,5,8
1046,chr4_107154498,BCDE,7,10
1047,chr4_107154498,DEA,9,11
1048,chr4_107154498,EABC,10,13
1049,chr4_107154498,BCDE,12,15
1050,chr4_107154498,DEA,14,16
1051,chr4_107154498,AFBC,16,19
1052,chr4_107154498,BCDE,18,21
1053,chr4_107154498,DEA,20,22
1054,chr4_107154498,AFBC,22,25
1055,chr4_107154498,BCDE,24,27
1056,chr4_107154498,DEA,26,28
1057,chr4_107154498,EABC,27,30
1058,chr4_107154498,GEA,31,33
1059,chr4_107154498,EABC,32,35
1060,chr4_107154498,BCDE,34,37
1061,chr4_107154498,DEA,36,38
1062,chr4_107154498,GEA,39,41
1063,chr4_107154498,EABC,40,43
1064,chr4_107154498,BCDE,42,45
1065,chr4_107154498,DEA,44,46
1066,chr4_107154498,EABC,45,48
1067,chr4_107154498,BCDE,47,50
1068,chr4_107154498,DEA,49,51
1069,chr4_107154498,EABC,50,53
1070,chr4_107154498,BCDE,52,55
1071,chr4_107154498,DEA,54,56
1072,chr4_107154498,DEA,58,60
1073,chr4_107154498,EAHI,59,62
1074,chr4_107154498,HIJHI,61,65
1075,chr4_107154498,HIJHI,67,71
1076,chr4_107154498,HIGE,70,73
1077,chr4_107154498,GEA,72,74
1078,chr4_107154498,EAHI,73,76
1079,chr4_107154498,HIJHI,75,79
1080,chr4_107154498,HIGE,84,87
1081,chr4_107154498,GEA,86,88
1082,chr4_107154498,EAHI,87,90
1083,chr4_107154498,HIGE,92,95
1084,chr4_107154498,GEA,94,96
1085,chr4_107154498,EAHI,95,98
1086,chr4_107154498,HIGE,97,100
1087,chr4_107154498,GEA,99,101
1088,chr4_107154498,EAHI,100,103
1089,chr4_107154498,HIGE,102,105
1090,chr4_107154498,GEA,104,106
1091,chr4_107154498,EAHI,105,108
1092,chr4_107154498,HIGE,107,110
1093,chr4_107154498,GEA,109,111
1094,chr4_107154498,EAHI,110,113
1095,chr4_107154498,HIGE,112,115
1096,chr4_107154498,GEA,114,116
1097,chr4_107154498,EAHI,115,118
1098,chr4_107184498,DECA,1,4
1099,chr4_107184498,CABD,3,6
1100,chr4_107184498,BDE,5,7
1101,chr4_107184498,DECA,6,9
1102,chr4_107184498,CABD,8,11
1103,chr4_107184498,BDE,10,12
1104,chr4_107184498,DECA,11,14
1105,chr4_107184498,CABD,13,16
1106,chr4_107184498,BDE,15,17
1107,chr4_107184498,DECA,16,19
1108,chr4_107184498,CABD,18,21
1109,chr4_107184498,BDE,20,22
1110,chr4_107184498,DECA,21,24
1111,chr4_107184498,CABD,23,26
1112,chr4_107184498,BDE,25,27
1113,chr4_107184498,DECA,26,29
1114,chr4_107184498,CABD,28,31
1115,chr4_107184498,BDE,30,32
1116,chr4_107184498,DECA,31,34
1117,chr4_107184498,CABD,33,36
1118,chr4_107184498,CABD,38,41
1119,chr4_107184498,BDE,40,42
1120,chr4_17130688,ABAC,10,13
1121,chr4_17130688,ABAC,21,24
1122,chr4_231957747,BAC,6,8
1123,chr4_231957747,CDB,18,20
1124,chr4_231957747,BAC,20,22
1125,chr4_231957747,CDB,22,24
1126,chr4_231957747,BAC,24,26
1127,chr4_231957747,CDB,28,30
1128,chr4_232019830,ABAB,1,4
1129,chr4_232019830,BABA,2,5
1130,chr4_232019830,ABAB,5,8
1131,chr4_232019830,BABA,6,9
1132,chr4_232019830,ABAB,9,12
1133,chr4_232019830,BABA,10,13
1134,chr4_232019830,CDBA,15,18
1135,chr4_232019830,BABA,17,20
1136,chr4_232019830,ABAB,18,21
1137,chr4_232019830,BABA,21,24
1138,chr4_232019830,ABAB,22,25
1139,chr4_232019830,BABA,25,28
1140,chr4_232019830,ABAB,26,29
1141,chr4_232019830,CDBA,32,35
1142,chr4_232029830,ABABCDEB,1,8
1143,chr4_232029830,ABABCDEB,11,18
1144,chr4_232071070,ABAB,1,4
1145,chr4_232071070,BABAAC,2,7
1146,chr4_232071070,ABAB,8,11
1147,chr4_232071070,BABAAC,9,14
1148,chr4_232081070,CDEFG,4,8
1149,chr4_232081070,CDEFG,19,23
1150,chr4_232091070,AFDEACA,8,14
1151,chr4_232091070,ACAC,12,15
1152,chr4_232091070,AFDEACA,16,22
1153,chr4_232091070,ACAC,20,23
1154,chr4_232091070,ACAC,33,36
1155,chr4_232156556,ABCB,1,4
1156,chr4_232156556,ABCB,5,8
1157,chr4_232156556,CBDABE,7,12
1158,chr4_232156556,BEC,11,13
1159,chr4_232156556,CBDABE,13,18
1160,chr4_232156556,BEC,17,19
1161,chr4_232156556,ECFABAB,18,24
1162,chr4_232156556,ABCB,23,26
1163,chr4_232156556,BEC,26,28
1164,chr4_232156556,ECFABAB,27,33
1165,chr4_232156556,ABCB,32,35
1166,chr4_232166556,ABC,2,4
1167,chr4_232166556,BCDA,3,6
1168,chr4_232166556,DAB,5,7
1169,chr4_232166556,ABC,6,8
1170,chr4_232166556,BCDA,7,10
1171,chr4_232166556,DAB,14,16
1172,chr4_232166556,ABC,15,17
1173,chr4_232166556,BCDA,19,22
1174,chr4_232166556,DAB,21,23
1175,chr4_232166556,ABC,22,24
1176,chr4_232166556,BCDA,27,30
1177,chr4_232166556,DAB,29,31
1178,chr4_232166556,ABC,30,32
1179,chr4_232176556,ABCBAB,5,10
1180,chr4_232176556,ABCBAB,23,28
1181,chr4_232206556,ABCD,2,5
1182,chr4_232206556,CDAB,4,7
1183,chr4_232206556,ABCD,6,9
1184,chr4_232206556,CDAB,8,11
1185,chr4_232206556,ABCD,10,13
1186,chr4_232206556,CDAB,12,15
1187,chr4_232216556,ACDA,8,11
1188,chr4_232216556,ACDA,15,18
1189,chr4_232216556,DAFBA,17,21
1190,chr4_232216556,FBADA,19,23
1191,chr4_232216556,DAFBA,22,26
1192,chr4_232216556,FBADA,24,28
1193,chr4_232285117,ABCD,1,4
1194,chr4_232285117,CDAB,3,6
1195,chr4_232285117,ABCD,5,8
1196,chr4_232285117,CDAB,9,12
1197,chr4_232295117,ABAC,1,4
1198,chr4_232295117,ACAB,3,6
1199,chr4_232295117,ABAC,5,8
1200,chr4_232295117,ACAB,9,12
1201,chr4_232295117,ABAB,11,14
1202,chr4_232295117,ABAC,13,16
1203,chr4_232295117,ACAB,15,18
1204,chr4_232295117,ABAC,17,20
1205,chr4_232295117,ACAB,21,24
1206,chr4_232295117,ABAB,23,26
1207,chr4_232295117,ABAC,27,30
1208,chr4_232295117,ACAB,29,32
1209,chr4_232315117,ABC,2,4
1210,chr4_232315117,CDA,7,9
1211,chr4_232315117,ABC,9,11
1212,chr4_232315117,CDA,11,13
1213,chr4_232315117,ABC,15,17
1214,chr4_232315117,CDCD,17,20
1215,chr4_232315117,ABC,22,24
1216,chr4_232315117,CDCD,24,27
1217,chr4_232315117,CDA,26,28
1218,chr4_232315117,ABC,28,30
1219,chr4_232315117,CDA,30,32
1220,chr4_232315117,CDCGB,47,51
1221,chr4_232315117,CDCGB,52,56
1222,chr4_232315117,CDCD,57,60
1223,chr4_232335117,ABC,1,3
1224,chr4_232335117,ABC,4,6
1225,chr4_232355117,BAC,9,11
1226,chr4_232355117,BAC,13,15
1227,chr4_232355117,ABAB,16,19
1228,chr4_232355117,ABAB,21,24
1229,chr4_232365117,ABC,1,3
1230,chr4_232365117,BCDB,2,5
1231,chr4_232365117,DBAA,4,7
1232,chr4_232365117,EAB,8,10
1233,chr4_232365117,ABC,9,11
1234,chr4_232365117,BCDB,10,13
1235,chr4_232365117,DBAA,12,15
1236,chr4_232365117,DBAA,18,21
1237,chr4_232365117,ABC,22,24
1238,chr4_232365117,EAB,25,27
1239,chr4_232365117,EAB,30,32
1240,chr4_232365117,ABAE,31,34
1241,chr4_232365117,BAEA,32,35
1242,chr4_232365117,EAB,34,36
1243,chr4_232365117,ABAE,35,38
1244,chr4_232365117,BAEA,36,39
1245,chr4_232365117,EAB,38,40
1246,chr4_232365117,ABAE,39,42
1247,chr4_232365117,BAEA,40,43
1248,chr4_232415117,ABCABA,7,12
1249,chr4_232415117,ABADAB,10,15
1250,chr4_232415117,ABCABA,14,19
1251,chr4_232415117,ABADAB,17,22
1252,chr4_232415117,ABAB,21,24
1253,chr4_232415117,ABCABA,27,32
1254,chr4_232415117,ABAB,39,42
1255,chr4_232583892,BCDE,2,5
1256,chr4_232583892,BCDE,7,10
1257,chr4_232716450,ABAB,2,5
1258,chr4_232716450,ABAB,6,9
1259,chr4_232716450,ABAB,10,13
1260,chr4_232716450,ABAB,14,17
1261,chr4_232716450,ABAB,21,24
1262,chr4_232716450,BABD,24,27
1263,chr4_232716450,BDBA,26,29
1264,chr4_232716450,BABD,28,31
1265,chr4_232716450,BDBA,32,35
1266,chr4_232726450,BAC,3,5
1267,chr4_232726450,CDB,5,7
1268,chr4_232726450,BAC,10,12
1269,chr4_232726450,CDB,12,14
1270,chr4_232726450,CDB,17,19
1271,chr4_232726450,BAC,23,25
1272,chr4_232726450,CDCD,25,28
1273,chr4_232726450,CDB,27,29
1274,chr4_232726450,BAFBGGAC,29,36
1275,chr4_232726450,CDCD,36,39
1276,chr4_232726450,CDB,40,42
1277,chr4_232726450,BAFBGGAC,42,49
1278,chr4_232726450,CDCD,49,52
1279,chr4_232746450,ABCAB,1,5
1280,chr4_232746450,ABAB,4,7
1281,chr4_232746450,ABCAB,6,10
1282,chr4_232746450,ABDB,9,12
1283,chr4_232746450,DBAB,11,14
1284,chr4_232746450,ABDB,13,16
1285,chr4_232746450,DBAB,15,18
1286,chr4_232746450,ABAB,21,24
1287,chr4_232746450,ABDB,23,26
1288,chr4_232746450,ABDB,30,33
1289,chr4_232746450,DBAB,32,35
1290,chr4_232746450,ABDB,34,37
1291,chr4_232746450,DBAB,36,39
1292,chr4_232766450,ABC,1,3
1293,chr4_232766450,BCDCD,2,6
1294,chr4_232766450,DCDAB,4,8
1295,chr4_232766450,ABC,7,9
1296,chr4_232766450,BCDCD,8,12
1297,chr4_232766450,DCDAB,12,16
1298,chr4_232766450,ABC,15,17
1299,chr4_232766450,BCDCD,16,20
1300,chr4_232766450,ABC,31,33
1301,chr4_232776450,BCBA,7,10
1302,chr4_232776450,BCBA,26,29
1303,chr4_232786450,BCDE,2,5
1304,chr4_232786450,DEBC,4,7
1305,chr4_232786450,BCDE,6,9
1306,chr4_232786450,DEBC,8,11
1307,chr4_232796450,ABAD,10,13
1308,chr4_232796450,BADA,11,14
1309,chr4_232796450,ABAD,15,18
1310,chr4_232796450,BADA,16,19
1311,chr4_232856037,BACABA,6,11
1312,chr4_232856037,CABABA,8,13
1313,chr4_232856037,BACABA,12,17
1314,chr4_232856037,CABABA,14,19
1315,chr4_232856037,BACABA,18,23
1316,chr4_232856037,CABABA,20,25
1317,chr4_232866037,ABDC,2,5
1318,chr4_232866037,CAB,5,7
1319,chr4_232866037,ABDC,6,9
1320,chr4_232866037,DCDC,8,11
1321,chr4_232866037,CAB,11,13
1322,chr4_232866037,ABDC,12,15
1323,chr4_232866037,DCDC,14,17
1324,chr4_232866037,CAB,27,29
1325,chr4_232866037,ABDC,28,31
1326,chr4_232866037,CAB,31,33
1327,chr4_232876037,ABC,1,3
1328,chr4_232876037,CDA,3,5
1329,chr4_232876037,DAB,4,6
1330,chr4_232876037,ABAB,5,8
1331,chr4_232876037,ABC,9,11
1332,chr4_232876037,CDA,13,15
1333,chr4_232876037,DAB,14,16
1334,chr4_232876037,ABAB,15,18
1335,chr4_232876037,ABC,17,19
1336,chr4_232876037,CDA,19,21
1337,chr4_232876037,DAB,20,22
1338,chr4_232876037,ABAB,21,24
1339,chr4_232876037,ABAB,25,28
1340,chr4_232876037,DAB,37,39
1341,chr4_232876037,ABC,38,40
1342,chr4_232876037,CDA,40,42
1343,chr4_232876037,DAB,41,43
1344,chr4_232876037,ABC,42,44
1345,chr4_232876037,CDA,44,46
1346,chr4_232876037,DAB,45,47
1347,chr4_232876037,ABC,46,48
1348,chr4_232876037,CDA,48,50
1349,chr4_232876037,DAB,49,51
1350,chr4_232876037,ABC,50,52
1351,chr4_232906037,ABC,1,3
1352,chr4_232906037,BCD,2,4
1353,chr4_232906037,BCD,6,8
1354,chr4_232906037,CDBC,7,10
1355,chr4_232906037,BCD,9,11
1356,chr4_232906037,DAB,11,13
1357,chr4_232906037,ABC,12,14
1358,chr4_232906037,BCD,13,15
1359,chr4_232906037,CDBC,14,17
1360,chr4_232906037,BCD,16,18
1361,chr4_232906037,DAB,18,20
1362,chr4_232906037,DAB,22,24
1363,chr4_232906037,ABC,23,25
1364,chr4_232906037,BCD,24,26
1365,chr4_232906037,EDA,33,35
1366,chr4_232906037,DAB,34,36
1367,chr4_232906037,ABC,35,37
1368,chr4_232906037,DADA,39,42
1369,chr4_232906037,DADA,43,46
1370,chr4_232906037,DAE,45,47
1371,chr4_232906037,AED,46,48
1372,chr4_232906037,EDA,47,49
1373,chr4_232906037,AED,50,52
1374,chr4_232906037,EDA,51,53
1375,chr4_232906037,DAE,52,54
1376,chr4_232926037,ABAB,5,8
1377,chr4_232926037,BAAB,10,13
1378,chr4_232926037,ABAB,12,15
1379,chr4_232926037,BAC,15,17
1380,chr4_232926037,ACAB,16,19
1381,chr4_232926037,BAC,19,21
1382,chr4_232926037,ACDAB,20,24
1383,chr4_232926037,BAC,24,26
1384,chr4_232926037,ACDAB,25,29
1385,chr4_232926037,BAC,29,31
1386,chr4_232926037,CCACBA,31,36
1387,chr4_232926037,BAC,35,37
1388,chr4_232926037,ACDAB,36,40
1389,chr4_232926037,CCACBA,45,50
1390,chr4_232926037,BAC,49,51
1391,chr4_232926037,ACAB,50,53
1392,chr4_232926037,ABAB,52,55
1393,chr4_232926037,BAAB,55,58
1394,chr4_232926037,ABAE,57,60
1395,chr4_232926037,AEBA,59,62
1396,chr4_232926037,BAAB,61,64
1397,chr4_232926037,ABAE,63,66
1398,chr4_232926037,AEBA,65,68
1399,chr4_232926037,BAAB,67,70
1400,chr4_232926037,ABAE,69,72
1401,chr4_232926037,AEBA,71,74
1402,chr4_232926037,BAAB,73,76
1403,chr4_232926037,ABAB,75,78
1404,chr4_232926037,ABAE,77,80
1405,chr4_232926037,BAC,82,84
1406,chr4_233021155,ABCC,1,4
1407,chr4_233021155,BCCB,2,5
1408,chr4_233021155,ABCC,13,16
1409,chr4_233021155,BCCB,14,17
1410,chr4_233021155,CBCB,16,19
1411,chr4_233021155,BCBC,17,20
1412,chr4_233021155,DBC,21,23
1413,chr4_233021155,BCBC,33,36
1414,chr4_233021155,CBCB,34,37
1415,chr4_233021155,CBBC,36,39
1416,chr4_233021155,CEDB,39,42
1417,chr4_233021155,DBC,41,43
1418,chr4_233021155,BCBC,42,45
1419,chr4_233021155,CBCB,43,46
1420,chr4_233021155,CBBC,45,48
1421,chr4_233021155,CEDB,48,51
1422,chr4_233021155,DBC,50,52
1423,chr4_233021155,CBBC,52,55
1424,chr4_233021155,CBCB,57,60
1425,chr4_233021155,BCBC,58,61
1426,chr4_233021155,BCCB,60,63
1427,chr4_233021155,DBC,64,66
1428,chr4_233021155,BCBC,65,68
1429,chr4_233068000,ABAB,1,4
1430,chr4_233068000,BABA,2,5
1431,chr4_233068000,ABAB,5,8
1432,chr4_233068000,BABA,6,9
1433,chr4_233078000,DCB,9,11
1434,chr4_233078000,CBCB,10,13
1435,chr4_233078000,DBE,19,21
1436,chr4_233078000,DBE,25,27
1437,chr4_233078000,CBCB,31,34
1438,chr4_233078000,DCB,37,39
1439,chr4_233108000,CAD,10,12
1440,chr4_233108000,CAD,17,19
1441,chr4_233128000,ABCB,2,5
1442,chr4_233128000,CBBA,4,7
1443,chr4_233128000,ABCB,7,10
1444,chr4_233128000,CBBA,9,12
1445,chr5_108197018,ABCD,5,8
1446,chr5_108197018,CEAA,9,12
1447,chr5_108197018,EAAB,10,13
1448,chr5_108197018,ABCD,12,15
1449,chr5_108197018,CDFHG,14,18
1450,chr5_108197018,HGI,17,19
1451,chr5_108197018,CEAA,29,32
1452,chr5_108197018,EAAB,30,33
1453,chr5_108197018,ABCD,32,35
1454,chr5_108197018,CDFHG,34,38
1455,chr5_108197018,EAAB,39,42
1456,chr5_108197018,ABCD,41,44
1457,chr5_108197018,CDFHG,43,47
1458,chr5_108197018,HGI,46,48
1459,chr5_108239560,EFA,2,4
1460,chr5_108239560,EFA,13,15
1461,chr5_199649781,DBCE,36,39
1462,chr5_199649781,DBCE,41,44
1463,chr5_199659781,CDA,4,6
1464,chr5_199659781,CDA,8,10
1465,chr5_199659781,ABEC,10,13
1466,chr5_199659781,CDA,13,15
1467,chr5_199659781,ABEC,15,18
1468,chr5_199659781,CDA,22,24
1469,chr5_199659781,CDA,31,33
1470,chr5_199679781,ABCB,1,4
1471,chr5_199679781,ABCB,6,9
1472,chr5_199679781,BCBD,7,10
1473,chr5_199679781,BDA,9,11
1474,chr5_199679781,BDA,14,16
1475,chr5_199679781,EAFB,20,23
1476,chr5_199679781,EAFB,27,30
1477,chr5_199679781,BCBD,36,39
1478,chr5_199679781,BCBD,66,69
1479,chr5_199679781,BDA,68,70
1480,chr5_199679781,ABCB,70,73
1481,chr5_199679781,BCBD,71,74
1482,chr5_199679781,BDA,73,75
1483,chr5_199679781,EAFB,78,81
1484,chr5_199792026,CEDA,9,12
1485,chr5_199792026,CEDA,14,17
1486,chr5_85983520,AHBCDIEFG,2,10
1487,chr5_85983520,AHBCDIEFG,12,20
1488,chr5_85983520,FGGJKMFL,19,26
1489,chr5_85983520,FLM,25,27
1490,chr5_85983520,FGGJKMFL,30,37
1491,chr5_85983520,FLM,36,38
1492,chr5_85983520,NOF,53,55
1493,chr5_85983520,NOF,58,60
1494,chr5_85983520,FPQM,60,63
1495,chr5_85983520,MOF,63,65
1496,chr5_85983520,FPQM,65,68
1497,chr5_85983520,MOF,68,70
1498,chr5_85983520,FPQM,70,73
1499,chr5_85983520,FLM,75,77
1500,chr5_85983520,MOF,77,79
1501,chr5_85983520,RSXTFOUV,94,101
1502,chr5_85983520,RSXTFOUV,103,110
1503,chr5_86070708,GAB,1,3
1504,chr5_86070708,ABCD,2,5
1505,chr5_86070708,FDG,10,12
1506,chr5_86070708,CDG,14,16
1507,chr5_86070708,GAB,16,18
1508,chr5_86070708,ABCD,17,20
1509,chr5_86070708,CDG,19,21
1510,chr5_86070708,GAB,21,23
1511,chr5_86070708,ABCD,22,25
1512,chr5_86070708,CDHAB,24,28
1513,chr5_86070708,ABCD,27,30
1514,chr5_86070708,CDHAB,29,33
1515,chr5_86070708,ABCD,32,35
1516,chr5_86070708,FDG,38,40
1517,chr5_86080708,CDEA,10,13
1518,chr5_86080708,AGH,17,19
1519,chr5_86080708,CDEA,23,26
1520,chr5_86080708,AGH,26,28
1521,chr5_86090708,CBBD,14,17
1522,chr5_86090708,CBBD,18,21
1523,chr5_86110708,ABCC,2,5
1524,chr5_86110708,ABCC,13,16
1525,chr5_86110708,EFGHCCACI,27,35
1526,chr5_86110708,GHCCACIEF,29,37
1527,chr5_86110708,EFGHCCACI,36,44
1528,chr5_86110708,GHCCACIEF,38,46
1529,chr5_86110708,EFGHCCACI,45,53
1530,chr5_86110708,GHCCACIEF,47,55
1531,chr5_86120708,EFG,33,35
1532,chr5_86120708,EFG,43,45
1533,chr5_86120708,EFG,50,52
1534,chr6_1012814,ABAC,2,5
1535,chr6_1012814,EDABA,8,12
1536,chr6_1012814,ABAC,10,13
1537,chr6_1012814,EDABA,15,19
1538,chr6_1012814,ABAC,17,20
1539,chr6_1012814,EDABA,26,30
1540,chr6_1012814,BABA,29,32
1541,chr6_1012814,BABA,40,43
1542,chr6_1012814,BABA,55,58
1543,chr6_1159461,BABCAB,3,8
1544,chr6_1159461,BAD,8,10
1545,chr6_1159461,ADAB,11,14
1546,chr6_1159461,BAD,14,16
1547,chr6_1159461,ADAB,15,18
1548,chr6_1159461,BAD,18,20
1549,chr6_1159461,BAD,23,25
1550,chr6_1159461,FBAB,28,31
1551,chr6_1159461,BAD,31,33
1552,chr6_1159461,FBAB,36,39
1553,chr6_1159461,BABCAB,37,42
1554,chr6_1159461,BAD,44,46
1555,chr6_1179461,ACADCA,22,27
1556,chr6_1179461,ACADCA,28,33
1557,chr6_1250037,CDA,6,8
1558,chr6_1250037,DADA,7,10
1559,chr6_1250037,ADAD,8,11
1560,chr6_1250037,DADA,11,14
1561,chr6_1250037,ADAD,12,15
1562,chr6_1250037,CDA,16,18
1563,chr6_1250037,DAB,17,19
1564,chr6_1250037,ABC,18,20
1565,chr6_1250037,CDA,20,22
1566,chr6_1250037,DAB,21,23
1567,chr6_1250037,ABC,22,24
1568,chr6_1250037,ADAD,26,29
1569,chr6_1250037,DADA,27,30
1570,chr6_1250037,DAB,31,33
1571,chr6_1250037,ABC,32,34
1572,chr6_1250037,ABC,37,39
1573,chr6_1250037,CDA,39,41
1574,chr6_1250037,DADFA,40,44
1575,chr6_1250037,ABC,44,46
1576,chr6_1250037,CDA,46,48
1577,chr6_1250037,DADFA,47,51
1578,chr6_1250037,ADAGHCB,51,57
1579,chr6_1250037,ADAGHCB,61,67
1580,chr6_1352462,ABC,4,6
1581,chr6_1352462,BCE,9,11
1582,chr6_1352462,ABC,14,16
1583,chr6_1352462,BCE,15,17
1584,chr6_1352462,EEDAB,18,22
1585,chr6_1352462,ABC,21,23
1586,chr6_1352462,BCE,22,24
1587,chr6_1352462,EEDAB,24,28
1588,chr6_1352462,ABC,27,29
1589,chr6_1352462,BCE,28,30
1590,chr6_1396970,ABAC,1,4
1591,chr6_1396970,ACD,3,5
1592,chr6_1396970,DAB,5,7
1593,chr6_1396970,ABAB,6,9
1594,chr6_1396970,BABA,7,10
1595,chr6_1396970,ABAC,8,11
1596,chr6_1396970,ACD,10,12
1597,chr6_1396970,DAB,12,14
1598,chr6_1396970,ABAC,13,16
1599,chr6_1396970,ACBAB,15,19
1600,chr6_1396970,BABA,17,20
1601,chr6_1396970,ABAC,18,21
1602,chr6_1396970,ACD,20,22
1603,chr6_1396970,DAB,22,24
1604,chr6_1396970,ABAC,23,26
1605,chr6_1396970,ACBAB,25,29
1606,chr6_1396970,BABA,27,30
1607,chr6_1396970,ABAC,28,31
1608,chr6_1396970,ACD,30,32
1609,chr6_1396970,DAB,32,34
1610,chr6_1396970,ABAC,39,42
1611,chr6_1396970,ACD,41,43
1612,chr6_1396970,ACD,44,46
1613,chr6_1396970,DAB,46,48
1614,chr6_1396970,ABAB,47,50
1615,chr6_1396970,BABA,48,51
1616,chr6_1396970,BABA,53,56
1617,chr6_1396970,ABAB,54,57
1618,chr6_1396970,DAB,59,61
1619,chr6_1436970,ABCDEBBFGHB,3,13
1620,chr6_1436970,BABA,13,16
1621,chr6_1436970,BABA,19,22
1622,chr6_1436970,ABCDEBBFGHB,24,34
1623,chr6_1456970,ABAC,4,7
1624,chr6_1456970,BACA,5,8
1625,chr6_1456970,ACAB,6,9
1626,chr6_1456970,AACADE,10,15
1627,chr6_1456970,AACADE,16,21
1628,chr6_1456970,ACAB,23,26
1629,chr6_1456970,ABAC,25,28
1630,chr6_1456970,BACA,26,29
1631,chr6_1476970,ABAB,2,5
1632,chr6_1476970,BABA,3,6
1633,chr6_1476970,BABA,15,18
1634,chr6_1476970,ABAB,16,19
1635,chr6_1476970,BABG,19,22
1636,chr6_1476970,BABG,27,30
1637,chr6_1506970,ABAB,2,5
1638,chr6_1506970,ABAB,10,13
1639,chr6_1516970,BABA,6,9
1640,chr6_1516970,BABA,10,13
1641,chr6_1516970,ABBA,13,16
1642,chr6_1516970,BABA,15,18
1643,chr6_1516970,BABA,19,22
1644,chr6_1516970,ABBA,22,25
1645,chr6_1516970,BABA,24,27
1646,chr6_1526970,ACB,10,12
1647,chr6_1526970,CBCDE,11,15
1648,chr6_1526970,ACB,18,20
1649,chr6_1526970,CBCDE,19,23
1650,chr6_1526970,ACB,24,26
1651,chr6_155138088,ABCA,1,4
1652,chr6_155138088,CAAB,3,6
1653,chr6_155138088,ABCA,5,8
1654,chr6_155138088,CADA,7,10
1655,chr6_155138088,DAB,9,11
1656,chr6_155138088,ABCA,10,13
1657,chr6_155138088,EADA,16,19
1658,chr6_155138088,ABCA,20,23
1659,chr6_155138088,CADA,22,25
1660,chr6_155138088,DAB,24,26
1661,chr6_155138088,ABCA,25,28
1662,chr6_155138088,CADA,27,30
1663,chr6_155138088,FAAB,32,35
1664,chr6_155138088,BFAA,36,39
1665,chr6_155138088,FAAB,37,40
1666,chr6_155138088,DAB,45,47
1667,chr6_155138088,BFAA,47,50
1668,chr6_155138088,FAAB,48,51
1669,chr6_155138088,BFAA,51,54
1670,chr6_155138088,FAAB,52,55
1671,chr6_155138088,ABCA,54,57
1672,chr6_155138088,CACA,56,59
1673,chr6_155138088,ABCA,61,64
1674,chr6_155138088,CAAB,63,66
1675,chr6_155138088,ABCA,65,68
1676,chr6_155138088,EADA,70,73
1677,chr6_155138088,CAAB,75,78
1678,chr6_155138088,ABCA,77,80
1679,chr6_155138088,CACA,79,82
1680,chr6_155138088,ACBA,88,91
1681,chr6_155138088,CBAA,89,92
1682,chr6_155138088,ACBA,95,98
1683,chr6_155138088,CBAA,96,99
1684,chr6_155158088,ABC,3,5
1685,chr6_155158088,BCA,4,6
1686,chr6_155158088,ABAB,8,11
1687,chr6_155158088,ABC,10,12
1688,chr6_155158088,BCA,11,13
1689,chr6_155158088,CAAB,12,15
1690,chr6_155158088,ABC,14,16
1691,chr6_155158088,BCA,15,17
1692,chr6_155158088,CAAB,16,19
1693,chr6_155158088,BDEF,19,22
1694,chr6_155158088,EFA,21,23
1695,chr6_155158088,FAB,22,24
1696,chr6_155158088,ABC,23,25
1697,chr6_155158088,BCA,27,29
1698,chr6_155158088,CAAB,28,31
1699,chr6_155158088,BDEF,31,34
1700,chr6_155158088,EFA,33,35
1701,chr6_155158088,FAB,34,36
1702,chr6_155158088,ABC,35,37
1703,chr6_155158088,BCA,43,45
1704,chr6_155158088,CAAB,44,47
1705,chr6_155158088,CAAB,49,52
1706,chr6_155158088,BDEF,52,55
1707,chr6_155158088,EFA,54,56
1708,chr6_155158088,FAB,55,57
1709,chr6_155158088,ABC,56,58
1710,chr6_155158088,BCA,57,59
1711,chr6_155158088,FBC,61,63
1712,chr6_155158088,BCA,62,64
1713,chr6_155158088,ABC,66,68
1714,chr6_155158088,FAB,70,72
1715,chr6_155158088,ABC,71,73
1716,chr6_155158088,ABC,76,78
1717,chr6_155158088,FBC,80,82
1718,chr6_155158088,BCA,81,83
1719,chr6_155158088,ABC,87,89
1720,chr6_155158088,AACB,92,95
1721,chr6_155158088,BABA,95,98
1722,chr6_155158088,ABAB,96,99
1723,chr6_155158088,AACB,108,111
1724,chr6_155158088,EFA,137,139
1725,chr6_155158088,GAB,145,147
1726,chr6_155158088,ABC,146,148
1727,chr6_155158088,BCA,147,149
1728,chr6_155158088,CAAABIH,148,154
1729,chr6_155158088,CAAABIH,155,161
1730,chr6_155158088,GAB,164,166
1731,chr6_155158088,ABAB,165,168
1732,chr6_155158088,BABA,166,169
1733,chr6_155158088,ABC,169,171
1734,chr6_155158088,BCA,170,172
1735,chr6_155310342,ABC,2,4
1736,chr6_155310342,ABC,25,27
1737,chr6_155392510,ACDA,12,15
1738,chr6_155392510,CDAA,13,16
1739,chr6_155392510,ACDA,37,40
1740,chr6_155392510,CDAA,38,41
1741,chr6_155412510,EFGEEEHIJ,5,13
1742,chr6_155412510,IJEF,12,15
1743,chr6_155412510,EFGEEEHIJ,14,22
1744,chr6_155412510,IJEF,21,24
1745,chr6_155412510,EFGEEEHIJ,23,31
1746,chr6_155412510,EDCBAE,39,44
1747,chr6_155412510,EDCBAE,47,52
1748,chr6_155422510,ABF,16,18
1749,chr6_155422510,ABF,23,25
1750,chr6_1584585,ABABABAD,2,9
1751,chr6_1584585,ADC,8,10
1752,chr6_1584585,CAB,10,12
1753,chr6_1584585,ABABABAD,11,18
1754,chr6_1584585,ADC,17,19
1755,chr6_1584585,ADC,20,22
1756,chr6_1584585,CAB,22,24
1757,chr6_1584585,ABABABAD,23,30
1758,chr6_1584585,ADC,29,31
1759,chr6_1584585,CAB,31,33
1760,chr6_1594585,ABACD,1,5
1761,chr6_1594585,CDEABA,4,9
1762,chr6_1594585,ABACD,7,11
1763,chr6_1594585,CDEABA,10,15
1764,chr6_1594585,ABACD,13,17
1765,chr6_1674093,ACAC,9,12
1766,chr6_1674093,CACADEACA,10,18
1767,chr6_1674093,ACAC,16,19
1768,chr6_1674093,CACADEACA,19,27
1769,chr6_1674093,ACAC,25,28
1770,chr6_1724699,ABCD,3,6
1771,chr6_1724699,CDA,5,7
1772,chr6_1724699,DAEFEF,6,11
1773,chr6_1724699,CDA,12,14
1774,chr6_1724699,ABCD,14,17
1775,chr6_1724699,CDA,16,18
1776,chr6_1724699,DAEFEF,17,22
1777,chr6_1793764,ABC,2,4
1778,chr6_1793764,CAD,4,6
1779,chr6_1793764,ECA,7,9
1780,chr6_1793764,ABC,9,11
1781,chr6_1793764,CECE,11,14
1782,chr6_1793764,CECE,22,25
1783,chr6_1793764,ECA,25,27
1784,chr6_1793764,CAD,26,28
1785,chr6_180608,BABA,7,10
1786,chr6_180608,ABAB,8,11
1787,chr6_180608,BABA,29,32
1788,chr6_180608,ABAB,30,33
1789,chr6_1857213,BCBC,2,5
1790,chr6_1857213,CBCB,3,6
1791,chr6_1857213,BDBDBC,11,16
1792,chr6_1857213,BDBDBC,17,22
1793,chr6_1857213,BCBC,21,24
1794,chr6_1857213,CBCB,22,25
1795,chr6_1857213,BDBDBC,25,30
1796,chr6_1857213,BCBC,29,32
1797,chr6_1857213,CBCB,30,33
1798,chr6_1867213,BABC,1,4
1799,chr6_1867213,ABCB,2,5
1800,chr6_1867213,BABA,5,8
1801,chr6_1867213,BABA,9,12
1802,chr6_1867213,BABC,13,16
1803,chr6_1867213,ABCB,14,17
1804,chr6_1867213,BABA,17,20
1805,chr6_1867213,BABC,21,24
1806,chr6_1867213,ABCB,22,25
1807,chr6_1867213,BABA,25,28
1808,chr6_1867213,BABC,29,32
1809,chr6_1867213,ABCB,30,33
1810,chr6_1867213,BABC,33,36
1811,chr6_1867213,ABCB,34,37
1812,chr6_1867213,BABC,41,44
1813,chr6_1867213,ABCB,42,45
1814,chr6_1887213,ABAB,1,4
1815,chr6_1887213,BABC,2,5
1816,chr6_1887213,BCBC,4,7
1817,chr6_1887213,CBAB,7,10
1818,chr6_1887213,BCBC,11,14
1819,chr6_1887213,CBAB,14,17
1820,chr6_1887213,BABC,21,24
1821,chr6_1887213,CBAB,24,27
1822,chr6_1887213,BABC,25,28
1823,chr6_1887213,CBAB,28,31
1824,chr6_1887213,BABC,29,32
1825,chr6_1887213,CBAB,32,35
1826,chr6_1887213,BABC,33,36
1827,chr6_1887213,CBAB,36,39
1828,chr6_1887213,BABC,37,40
1829,chr6_1887213,BABC,42,45
1830,chr6_1887213,CBAB,45,48
1831,chr6_1887213,BABC,46,49
1832,chr6_1887213,BABA,51,54
1833,chr6_1887213,ABAB,52,55
1834,chr6_1887213,BABA,59,62
1835,chr6_1887213,ABAB,60,63
1836,chr6_1887213,ABBA,64,67
1837,chr6_1887213,CBAB,70,73
1838,chr6_1887213,BABA,71,74
1839,chr6_1887213,ABAB,72,75
1840,chr6_1887213,ABBA,74,77
1841,chr6_1887213,BABA,76,79
1842,chr6_1887213,ABAB,77,80
1843,chr6_1887213,CBAB,82,85
1844,chr6_1887213,BABC,83,86
1845,chr6_190608,BCBD,2,5
1846,chr6_190608,BDBC,4,7
1847,chr6_190608,BCBD,8,11
1848,chr6_190608,BDBC,10,13
1849,chr6_190608,BCBD,14,17
1850,chr6_190608,BDBC,16,19
1851,chr6_190608,BCBD,20,23
1852,chr6_190608,BDBC,22,25
1853,chr6_190608,BCBD,24,27
1854,chr6_190608,BDBC,26,29
1855,chr6_190608,BCBD,30,33
1856,chr6_1917213,CBA,4,6
1857,chr6_1917213,CBA,9,11
1858,chr6_1917213,CBA,16,18
1859,chr6_1917213,ADC,21,23
1860,chr6_1917213,ADC,25,27
1861,chr6_1986060,ABCDCD,1,6
1862,chr6_1986060,ABCDCD,9,14
1863,chr6_200608,ABC,1,3
1864,chr6_200608,BCDA,2,5
1865,chr6_200608,DAB,4,6
1866,chr6_200608,ABC,5,7
1867,chr6_200608,DAB,20,22
1868,chr6_200608,ABC,21,23
1869,chr6_200608,BCDA,22,25
1870,chr6_200608,DAB,24,26
1871,chr6_200608,DAB,31,33
1872,chr6_2075077,ABBDC,50,54
1873,chr6_2075077,BDCAB,52,56
1874,chr6_2075077,ABBDC,55,59
1875,chr6_2075077,BDCAB,57,61
1876,chr6_2095077,DABC,2,5
1877,chr6_2095077,CDA,6,8
1878,chr6_2095077,DABC,7,10
1879,chr6_2095077,CDA,12,14
1880,chr6_2095077,DABC,13,16
1881,chr6_2105077,ABC,1,3
1882,chr6_2105077,CAB,3,5
1883,chr6_2105077,ABC,4,6
1884,chr6_2105077,CAB,12,14
1885,chr6_2178472,BACD,2,5
1886,chr6_2178472,CDBA,4,7
1887,chr6_2178472,BACD,6,9
1888,chr6_2178472,CDBA,8,11
1889,chr6_2178472,BACD,10,13
1890,chr6_2178472,CDBA,12,15
1891,chr6_2178472,CDBA,19,22
1892,chr6_2178472,BACD,21,24
1893,chr6_2198472,ABCADAE,1,7
1894,chr6_2198472,AEFEGH,6,11
1895,chr6_2198472,ABCADAE,17,23
1896,chr6_2198472,AEFEGH,22,27
1897,chr6_2198472,GHAE,26,29
1898,chr6_2198472,AEFEGH,28,33
1899,chr6_2198472,GHAE,32,35
1900,chr6_2198472,JCI,50,52
1901,chr6_2198472,CIE,51,53
1902,chr6_2198472,JCI,57,59
1903,chr6_2198472,CIE,58,60
1904,chr6_2198472,CIE,63,65
1905,chr6_2218472,ABC,3,5
1906,chr6_2218472,CDAB,5,8
1907,chr6_2218472,ABC,7,9
1908,chr6_2218472,CDAB,9,12
1909,chr6_2218472,ABC,11,13
1910,chr6_2218472,CDEA,13,16
1911,chr6_2218472,ABC,18,20
1912,chr6_2218472,CDEA,20,23
1913,chr6_2218472,ABC,23,25
1914,chr6_2218472,ABC,30,32
1915,chr6_2228472,ABCD,1,4
1916,chr6_2228472,ABCD,10,13
1917,chr6_2238472,BADC,12,15
1918,chr6_2238472,CBA,15,17
1919,chr6_2238472,BADC,16,19
1920,chr6_2238472,CBA,19,21
1921,chr6_2238472,CBA,23,25
1922,chr6_2238472,BADC,24,27
1923,chr6_2238472,CBA,27,29
1924,chr6_2238472,BADC,28,31
1925,chr6_2238472,CBA,31,33
1926,chr6_2248472,ABC,2,4
1927,chr6_2248472,CBAB,4,7
1928,chr6_2248472,ABC,6,8
1929,chr6_2248472,CBAB,17,20
1930,chr6_2248472,ABC,19,21
1931,chr6_2298472,ABCD,1,4
1932,chr6_2298472,ABCD,6,9
1933,chr6_2325919,CDB,3,5
1934,chr6_2325919,CDB,30,32
1935,chr6_2325919,BABABA,32,37
1936,chr6_2325919,BABABA,42,47
1937,chr6_2325919,AACAHC,52,57
1938,chr6_2325919,AHCAAC,55,60
1939,chr6_2325919,AACAHC,58,63
1940,chr6_2325919,AHCAAC,61,66
1941,chr6_2345919,DABCAC,2,7
1942,chr6_2345919,CACD,5,8
1943,chr6_2345919,CDA,7,9
1944,chr6_2345919,DABCAC,8,13
1945,chr6_2345919,CACD,13,16
1946,chr6_2345919,CDA,15,17
1947,chr6_2345919,DACE,16,19
1948,chr6_2345919,CDA,24,26
1949,chr6_2345919,DACE,25,28
1950,chr6_2345919,CECE,27,30
1951,chr6_2345919,ECEC,28,31
1952,chr6_2345919,ECEC,33,36
1953,chr6_2345919,CECE,38,41
1954,chr6_2365919,ABAC,9,12
1955,chr6_2365919,CACAB,21,25
1956,chr6_2365919,ABAC,24,27
1957,chr6_2365919,CACAB,27,31
1958,chr6_2457872,ABC,2,4
1959,chr6_2457872,BCBC,3,6
1960,chr6_2457872,BCBC,7,10
1961,chr6_2457872,CBCD,8,11
1962,chr6_2457872,CDAB,10,13
1963,chr6_2457872,ABC,12,14
1964,chr6_2457872,BCBC,13,16
1965,chr6_2457872,CBCD,16,19
1966,chr6_2457872,CDAB,18,21
1967,chr6_2457872,ABC,20,22
1968,chr6_2457872,BCBC,21,24
1969,chr6_2457872,CBCD,24,27
1970,chr6_2457872,CDAB,26,29
1971,chr6_2457872,ABC,28,30
1972,chr6_2457872,CBCD,32,35
1973,chr6_2528981,BCA,5,7
1974,chr6_2528981,BCA,8,10
1975,chr6_2538981,ABAC,2,5
1976,chr6_2538981,ABAB,6,9
1977,chr6_2538981,ABAC,10,13
1978,chr6_2538981,ABAB,19,22
1979,chr6_2548981,DABA,5,8
1980,chr6_2548981,ABAECFDA,6,13
1981,chr6_2548981,DABA,12,15
1982,chr6_2548981,ABAECFDA,15,22
1983,chr6_2548981,DABA,21,24
1984,chr6_2558981,ABC,7,9
1985,chr6_2558981,ABC,15,17
1986,chr6_2568981,ACCB,1,4
1987,chr6_2568981,ACCB,9,12
1988,chr6_2596527,ABAB,3,6
1989,chr6_2596527,ABAB,10,13
1990,chr6_2606527,BCBA,9,12
1991,chr6_2606527,BABC,11,14
1992,chr6_2606527,BCBA,13,16
1993,chr6_2606527,BABC,15,18
1994,chr6_265896,ABAC,6,9
1995,chr6_265896,ACD,14,16
1996,chr6_265896,ABAC,23,26
1997,chr6_265896,ACD,25,27
1998,chr6_265896,ACD,32,34
1999,chr6_2703193,ABAB,2,5
2000,chr6_2703193,BABA,3,6
2001,chr6_2703193,BABC,5,8
2002,chr6_2703193,CBA,8,10
2003,chr6_2703193,BABA,9,12
2004,chr6_2703193,ABAB,10,13
2005,chr6_2703193,BABA,13,16
2006,chr6_2703193,ABAB,14,17
2007,chr6_2703193,BABC,15,18
2008,chr6_2703193,CBA,18,20
2009,chr6_2703193,CBA,23,25
2010,chr6_2703193,BABA,24,27
2011,chr6_2703193,ABAB,25,28
2012,chr6_2703193,BABC,28,31
2013,chr6_2703193,CBA,31,33
2014,chr6_2723193,ABC,2,4
2015,chr6_2723193,BCBC,6,9
2016,chr6_2723193,BCBA,8,11
2017,chr6_2723193,ABC,19,21
2018,chr6_2723193,BCBC,20,23
2019,chr6_2723193,BCBA,22,25
2020,chr6_2723193,ABBC,25,28
2021,chr6_2723193,BCBA,27,30
2022,chr6_2723193,ABBC,30,33
2023,chr6_275896,BAC,3,5
2024,chr6_275896,ACD,7,9
2025,chr6_275896,BAC,17,19
2026,chr6_275896,BAC,26,28
2027,chr6_275896,ACD,27,29
2028,chr6_2806515,ABCD,2,5
2029,chr6_2806515,ABCD,6,9
2030,chr6_2806515,EFB,28,30
2031,chr6_2806515,EFB,34,36
2032,chr6_2856515,ACAC,6,9
2033,chr6_2856515,CACE,15,18
2034,chr6_2856515,ACEC,16,19
2035,chr6_2856515,ACAC,20,23
2036,chr6_2856515,CACE,23,26
2037,chr6_2856515,ACEC,24,27
2038,chr6_285896,ABAC,1,4
2039,chr6_285896,ACAB,3,6
2040,chr6_285896,ABAC,5,8
2041,chr6_285896,ACAB,9,12
2042,chr6_285896,ABAC,11,14
2043,chr6_2866515,ABAC,2,5
2044,chr6_2866515,ABAC,6,9
2045,chr6_2866515,ABADAB,10,15
2046,chr6_2866515,ABADAB,18,23
2047,chr6_2866515,FGK,31,33
2048,chr6_2866515,GKHIJF,32,37
2049,chr6_2866515,FGK,37,39
2050,chr6_2866515,GKHIJF,38,43
2051,chr6_2866515,FGK,43,45
2052,chr6_2916515,BABA,7,10
2053,chr6_2916515,BABA,14,17
2054,chr6_2946515,ABCB,1,4
2055,chr6_2946515,BCBABABA,2,9
2056,chr6_2946515,ABCB,9,12
2057,chr6_2946515,BCBABABA,10,17
2058,chr6_2946515,ABCB,19,22
2059,chr6_2946515,CBBA,21,24
2060,chr6_2946515,ABCB,24,27
2061,chr6_2946515,CBBA,26,29
2062,chr6_295896,BAC,2,4
2063,chr6_295896,BAC,10,12
2064,chr6_295896,BAC,15,17
2065,chr6_295896,BAC,24,26
2066,chr6_2966515,ABCDE,1,5
2067,chr6_2966515,ABCDE,6,10
2068,chr6_2966515,GHIJF,40,44
2069,chr6_2966515,FGH,44,46
2070,chr6_2966515,GHIJF,45,49
2071,chr6_2966515,FGH,49,51
2072,chr6_2966515,GHIJF,50,54
2073,chr6_2966515,FGH,58,60
2074,chr6_2988042,ABCD,2,5
2075,chr6_2988042,ABCD,7,10
2076,chr6_2988042,AGH,12,14
2077,chr6_2988042,JAIA,43,46
2078,chr6_2988042,AGH,50,52
2079,chr6_2988042,JAIA,56,59
2080,chr6_3035747,DABB,7,10
2081,chr6_3035747,DABB,21,24
2082,chr6_3035747,FBBG,36,39
2083,chr6_3035747,GBBA,39,42
2084,chr6_3035747,GBBA,45,48
2085,chr6_3035747,FBBG,50,53
2086,chr6_3045747,ABCDE,1,5
2087,chr6_3045747,ABCDE,9,13
2088,chr6_3133067,DEFAB,7,11
2089,chr6_3133067,ABDE,10,13
2090,chr6_3133067,DEFAB,12,16
2091,chr6_3133067,ABDE,15,18
2092,chr6_3133067,DEFAB,17,21
2093,chr6_3133067,ABDE,20,23
2094,chr6_3133067,DEFAB,22,26
2095,chr6_3133067,BAGB,32,35
2096,chr6_3133067,GBA,44,46
2097,chr6_3133067,BAGB,45,48
2098,chr6_3133067,GBA,47,49
2099,chr6_3133067,BAFE,48,51
2100,chr6_3133067,BAC,57,59
2101,chr6_3133067,GBA,61,63
2102,chr6_3133067,EDBA,66,69
2103,chr6_3133067,BAFE,68,71
2104,chr6_3133067,EDBA,71,74
2105,chr6_3133067,BAC,73,75
2106,chr6_3205369,ABBC,2,5
2107,chr6_3205369,ABBC,9,12
2108,chr6_3245369,BCD,15,17
2109,chr6_3245369,BCD,27,29
2110,chr6_3245369,AGAHFIB,32,38
2111,chr6_3245369,BCD,38,40
2112,chr6_3245369,AGAHFIB,44,50
2113,chr6_3245369,KALMFN,59,64
2114,chr6_3245369,KALMFN,73,78
2115,chr6_3245369,OPAQR,85,89
2116,chr6_3245369,SOP,94,96
2117,chr6_3245369,OPAQR,95,99
2118,chr6_3245369,SOP,102,104
2119,chr6_3245369,OPAQR,103,107
2120,chr6_3265369,ABAB,10,13
2121,chr6_3265369,AEAB,16,19
2122,chr6_3265369,ABAB,18,21
2123,chr6_3265369,AEAB,22,25
2124,chr6_3265369,ABAB,24,27
2125,chr6_3265369,BHA,44,46
2126,chr6_3265369,BHA,54,56
2127,chr6_3265369,ABAID,56,60
2128,chr6_3265369,IDABA,59,63
2129,chr6_3265369,ABAID,61,65
2130,chr6_3265369,IDABA,64,68
2131,chr6_3329109,ABC,1,3
2132,chr6_3329109,CDCE,5,8
2133,chr6_3329109,CEFG,7,10
2134,chr6_3329109,FGC,9,11
2135,chr6_3329109,GCHI,10,13
2136,chr6_3329109,HIJ,12,14
2137,chr6_3329109,CDCE,19,22
2138,chr6_3329109,CEFG,21,24
2139,chr6_3329109,FGC,23,25
2140,chr6_3329109,GCHI,24,27
2141,chr6_3329109,HIJ,26,28
2142,chr6_3329109,IJAB,27,30
2143,chr6_3329109,ABC,29,31
2144,chr6_3329109,CDCE,33,36
2145,chr6_3329109,GCHI,38,41
2146,chr6_3329109,HIJ,81,83
2147,chr6_3329109,IJAB,82,85
2148,chr6_3329109,ABC,84,86
2149,chr6_3329109,FGC,90,92
2150,chr6_3329109,GCHI,91,94
2151,chr6_3386371,ABCA,2,5
2152,chr6_3386371,BCAA,3,6
2153,chr6_3386371,ABCA,14,17
2154,chr6_3386371,BCAA,15,18
2155,chr6_3698496,EAADAFAGIA,41,50
2156,chr6_3698496,DAFAGIAAAH,44,53
2157,chr6_3698496,EAADAFAGIA,54,63
2158,chr6_3698496,DAFAGIAAAH,57,66
2159,chr6_3738496,BCD,6,8
2160,chr6_3738496,CDE,7,9
2161,chr6_3738496,CDE,12,14
2162,chr6_3738496,FDGAHIJBC,18,26
2163,chr6_3738496,BCD,25,27
2164,chr6_3738496,FDGAHIJBC,28,36
2165,chr6_3738496,BCD,35,37
2166,chr6_3738496,CDE,36,38
2167,chr6_3738496,EFAKALM,41,47
2168,chr6_3738496,LNA,48,50
2169,chr6_3738496,NAOP,49,52
2170,chr6_3738496,DQNA,53,56
2171,chr6_3738496,NAOP,55,58
2172,chr6_3738496,EFAKALM,61,67
2173,chr6_3738496,DQNA,72,75
2174,chr6_3738496,LNA,76,78
2175,chr6_3738496,NAOP,77,80
2176,chr6_3787781,AABC,2,5
2177,chr6_3787781,BCDEFGHIGAAA,4,15
2178,chr6_3787781,AABC,14,17
2179,chr6_3787781,BCDEFGHIGAAA,16,27
2180,chr6_3787781,AABC,26,29
2181,chr6_3807781,EAB,1,3
2182,chr6_3807781,ABCABB,2,7
2183,chr6_3807781,ABCABB,8,13
2184,chr6_3807781,BBDEA,12,16
2185,chr6_3807781,EAB,15,17
2186,chr6_3807781,ABBFA,16,20
2187,chr6_3807781,ABBJFA,20,25
2188,chr6_3807781,BBDEA,27,31
2189,chr6_3807781,EAB,30,32
2190,chr6_3807781,ABBFA,31,35
2191,chr6_3807781,ABBJFA,35,40
2192,chr6_3807781,ABBG,40,43
2193,chr6_3807781,GBBHBA,43,48
2194,chr6_3807781,BAIAB,47,51
2195,chr6_3807781,ABJEA,50,54
2196,chr6_3807781,EAB,53,55
2197,chr6_3807781,ABBFA,54,58
2198,chr6_3807781,ABBJFA,58,63
2199,chr6_3807781,ABBG,63,66
2200,chr6_3807781,GBBHBA,66,71
2201,chr6_3807781,BAIAB,70,74
2202,chr6_3807781,ABJEA,73,77
2203,chr6_3807781,EAB,76,78
2204,chr6_3807781,ABBFA,77,81
2205,chr6_3807781,ABBJFA,81,86
2206,chr6_3807781,ABBG,86,89
2207,chr6_3807781,GBBHBA,89,94
2208,chr6_3807781,BAIAB,93,97
2209,chr6_3807781,ABJEA,96,100
2210,chr6_3807781,EAB,99,101
2211,chr6_3807781,ABBFA,100,104
2212,chr6_3807781,ABBJFA,104,109
2213,chr6_3807781,ABBFA,109,113
2214,chr6_3807781,BAIAB,119,123
2215,chr6_3807781,FBBA,127,130
2216,chr6_3807781,BAF,129,131
2217,chr6_3807781,FBBA,144,147
2218,chr6_3807781,JBBA,148,151
2219,chr6_3807781,BAF,150,152
2220,chr6_3807781,BAF,157,159
2221,chr6_3807781,JBBA,160,163
2222,chr6_381884,ABAC,2,5
2223,chr6_381884,CABA,5,8
2224,chr6_381884,ABAC,6,9
2225,chr6_381884,CABA,9,12
2226,chr6_3837781,CDEF,5,8
2227,chr6_3837781,CDEF,16,19
2228,chr6_3837781,FHIG,19,22
2229,chr6_3837781,FHIG,23,26
2230,chr6_3837781,DDKLG,31,35
2231,chr6_3837781,DDKLG,36,40
2232,chr6_3837781,MGL,52,54
2233,chr6_3837781,MGL,58,60
2234,chr6_3837781,LKDD,60,63
2235,chr6_3837781,DGL,63,65
2236,chr6_3837781,LKDD,65,68
2237,chr6_3837781,DGL,68,70
2238,chr6_3837781,LKDD,70,73
2239,chr6_3837781,DGL,73,75
2240,chr6_3837781,LKDD,75,78
2241,chr6_3837781,DGL,78,80
2242,chr6_3837781,LKDD,80,83
2243,chr6_3837781,DGL,83,85
2244,chr6_3837781,LKDD,85,88
2245,chr6_3837781,DGL,88,90
2246,chr6_3837781,LKDD,90,93
2247,chr6_3837781,DDNODG,92,97
2248,chr6_3837781,DGL,96,98
2249,chr6_3837781,LKDD,98,101
2250,chr6_3837781,DGL,101,103
2251,chr6_3837781,LKDD,103,106
2252,chr6_3837781,DDNODG,106,111
2253,chr6_3837781,DGL,110,112
2254,chr6_3837781,LKDD,112,115
2255,chr6_3837781,DGL,115,117
2256,chr6_3837781,LKDD,117,120
2257,chr6_3837781,DGL,120,122
2258,chr6_3837781,LKDD,122,125
2259,chr6_3837781,DGL,125,127
2260,chr6_3837781,LKDD,127,130
2261,chr6_3837781,DGL,132,134
2262,chr6_3837781,LKDD,134,137
2263,chr6_3837781,DGL,137,139
2264,chr6_3837781,LKDD,139,142
2265,chr6_3837781,DGL,154,156
2266,chr6_3837781,LKDD,156,159
2267,chr6_3924465,AIJJBE,1,6
2268,chr6_3924465,BEC,5,7
2269,chr6_3924465,ECDE,6,9
2270,chr6_3924465,EEBA,11,14
2271,chr6_3924465,BAFGHB,13,18
2272,chr6_3924465,AIJJBE,19,24
2273,chr6_3924465,BEC,23,25
2274,chr6_3924465,ECDE,24,27
2275,chr6_3924465,BAFGHB,29,34
2276,chr6_3924465,BEC,38,40
2277,chr6_3924465,EEBA,41,44
2278,chr6_3924465,EKELEC,65,70
2279,chr6_3924465,KELECE,66,71
2280,chr6_3924465,EKELEC,75,80
2281,chr6_3924465,KELECE,76,81
2282,chr6_3924465,EKELEC,90,95
2283,chr6_3924465,KELECE,91,96
2284,chr6_3944465,CDB,10,12
2285,chr6_3944465,BEFGF,12,16
2286,chr6_3944465,GFC,15,17
2287,chr6_3944465,FCD,16,18
2288,chr6_3944465,CDCD,17,20
2289,chr6_3944465,CDB,19,21
2290,chr6_3944465,DBGF,20,23
2291,chr6_3944465,GFC,22,24
2292,chr6_3944465,FCD,23,25
2293,chr6_3944465,CDCD,24,27
2294,chr6_3944465,CDB,26,28
2295,chr6_3944465,BEFGF,28,32
2296,chr6_3944465,GFC,33,35
2297,chr6_3944465,FCD,34,36
2298,chr6_3944465,CDCD,35,38
2299,chr6_3944465,CDB,37,39
2300,chr6_3944465,DBGF,38,41
2301,chr6_3944465,GFC,40,42
2302,chr6_3944465,FCD,41,43
2303,chr6_3944465,CDCD,42,45
2304,chr6_3944465,CDB,44,46
2305,chr6_3944465,BEFGF,46,50
2306,chr6_3944465,GFC,49,51
2307,chr6_3944465,FCD,50,52
2308,chr6_3944465,CDCD,51,54
2309,chr6_3944465,CDB,53,55
2310,chr6_3944465,BEFGF,55,59
2311,chr6_3944465,GFC,58,60
2312,chr6_3944465,FCD,59,61
2313,chr6_3944465,CDHE,60,63
2314,chr6_3944465,HEIJDB,62,67
2315,chr6_3944465,BEKGF,67,71
2316,chr6_3944465,GFC,70,72
2317,chr6_3944465,FCD,71,73
2318,chr6_3944465,CDHE,72,75
2319,chr6_3944465,HEIJDB,74,79
2320,chr6_3944465,BEFGF,79,83
2321,chr6_3944465,GFC,82,84
2322,chr6_3944465,FCD,83,85
2323,chr6_3944465,FCD,87,89
2324,chr6_3944465,CDHE,88,91
2325,chr6_3944465,HEIJDB,90,95
2326,chr6_3944465,BEFGF,95,99
2327,chr6_3944465,GFC,98,100
2328,chr6_3944465,FCD,99,101
2329,chr6_3944465,CDB,100,102
2330,chr6_3944465,BEKGF,102,106
2331,chr6_3944465,GFC,105,107
2332,chr6_3944465,FCD,106,108
2333,chr6_3944465,CDHE,107,110
2334,chr6_3964465,EAB,2,4
2335,chr6_3964465,ABC,3,5
2336,chr6_3964465,CDEFB,7,11
2337,chr6_3964465,BCGE,11,14
2338,chr6_3964465,EAB,14,16
2339,chr6_3964465,ABC,15,17
2340,chr6_3964465,CDEFB,17,21
2341,chr6_3964465,ABC,24,26
2342,chr6_3964465,BCGE,25,28
2343,chr6_3974465,BCD,10,12
2344,chr6_3974465,CDE,11,13
2345,chr6_3974465,DEA,12,14
2346,chr6_3974465,DEA,17,19
2347,chr6_3974465,BCD,20,22
2348,chr6_3974465,CDE,21,23
2349,chr6_3974465,CDE,26,28
2350,chr6_3974465,DEA,27,29
2351,chr6_401884,ABCD,1,4
2352,chr6_401884,CDAB,3,6
2353,chr6_401884,ABCD,5,8
2354,chr6_401884,CDAB,7,10
2355,chr6_401884,ABCD,9,12
2356,chr6_401884,CDAB,11,14
2357,chr6_43651,ABC,2,4
2358,chr6_43651,ABC,7,9
2359,chr6_441743,ABABC,2,6
2360,chr6_441743,ABABC,7,11
2361,chr6_441743,ACD,22,24
2362,chr6_441743,ACD,27,29
2363,chr6_53651,CACB,1,4
2364,chr6_53651,ACBC,2,5
2365,chr6_53651,CBCA,6,9
2366,chr6_53651,CACB,8,11
2367,chr6_53651,ACBC,9,12
2368,chr6_53651,CBCA,10,13
2369,chr6_53651,CACB,12,15
2370,chr6_53651,ACBC,13,16
2371,chr6_53651,CBCA,14,17
2372,chr6_53651,CACB,16,19
2373,chr6_53651,ACBC,17,20
2374,chr6_53651,CBCA,20,23
2375,chr6_53651,CACB,22,25
2376,chr6_53651,ACBC,23,26
2377,chr6_53651,CBCA,26,29
2378,chr6_53651,CACB,28,31
2379,chr6_53651,ACBC,29,32
2380,chr6_53843982,BAAC,6,9
2381,chr6_53843982,ACDA,8,11
2382,chr6_53843982,DAAB,10,13
2383,chr6_53843982,BAAC,13,16
2384,chr6_53843982,AACEBAAF,14,21
2385,chr6_53843982,BAAC,24,27
2386,chr6_53843982,ACDA,26,29
2387,chr6_53843982,DAAB,28,31
2388,chr6_53843982,BAAC,31,34
2389,chr6_53843982,AACEBAAF,32,39
2390,chr6_53843982,BAAC,54,57
2391,chr6_53843982,ACDA,56,59
2392,chr6_53853982,DACB,1,4
2393,chr6_53853982,CADA,17,20
2394,chr6_53853982,DACB,19,22
2395,chr6_53853982,CADA,24,27
2396,chr6_53853982,DACB,26,29
2397,chr6_53853982,HIJ,35,37
2398,chr6_53853982,KCLM,39,42
2399,chr6_53853982,KCLM,45,48
2400,chr6_53853982,HIJ,54,56
2401,chr6_53863982,IAG,1,3
2402,chr6_53863982,AGBCB,2,6
2403,chr6_53863982,BCBD,4,7
2404,chr6_53863982,FEBC,8,11
2405,chr6_53863982,BCBD,10,13
2406,chr6_53863982,GHBIA,16,20
2407,chr6_53863982,IAG,19,21
2408,chr6_53863982,AGBCB,20,24
2409,chr6_53863982,BCBD,22,25
2410,chr6_53863982,FEBC,26,29
2411,chr6_53863982,BCAJBD,28,33
2412,chr6_53863982,FEBC,34,37
2413,chr6_53863982,BCAJBD,36,41
2414,chr6_53863982,AGBCB,45,49
2415,chr6_53863982,BCBD,47,50
2416,chr6_53863982,GHBIA,53,57
2417,chr6_53863982,IAG,56,58
2418,chr6_579687,ABCD,2,5
2419,chr6_579687,CDAB,4,7
2420,chr6_579687,ABCD,6,9
2421,chr6_579687,CDAB,8,11
2422,chr6_579687,ABCD,10,13
2423,chr6_579687,CDAB,12,15
2424,chr6_579687,ABCD,14,17
2425,chr6_579687,CDAB,16,19
2426,chr6_579687,ABCD,18,21
2427,chr6_579687,CDAB,20,23
2428,chr6_579687,ABCD,22,25
2429,chr6_579687,CDAB,24,27
2430,chr6_579687,ABCD,26,29
2431,chr6_579687,CDAB,28,31
2432,chr6_579687,ABCD,30,33
2433,chr6_579687,CDAB,32,35
2434,chr6_579687,ABCD,34,37
2435,chr6_579687,ABCD,39,42
2436,chr6_579687,CDAB,41,44
2437,chr6_579687,ABCD,43,46
2438,chr6_579687,CDAB,45,48
2439,chr6_599687,BCD,5,7
2440,chr6_599687,BCD,10,12
2441,chr6_599687,DABE,26,29
2442,chr6_599687,ABED,27,30
2443,chr6_599687,DABE,30,33
2444,chr6_599687,ABED,31,34
2445,chr6_619687,ABAB,1,4
2446,chr6_619687,BABA,2,5
2447,chr6_619687,BACDE,4,8
2448,chr6_619687,BACDE,9,13
2449,chr6_619687,BABA,14,17
2450,chr6_619687,ABAB,15,18
2451,chr6_619687,BABA,18,21
2452,chr6_619687,ABAB,19,22
2453,chr6_619687,BABFGH,20,25
2454,chr6_619687,GHEB,24,27
2455,chr6_619687,BABA,27,30
2456,chr6_619687,ABAB,28,31
2457,chr6_619687,BABFGH,29,34
2458,chr6_619687,GHEB,33,36
2459,chr6_619687,BABA,36,39
2460,chr6_619687,ABAB,37,40
2461,chr6_619687,BABFGH,38,43
2462,chr6_63651,ABABCD,1,6
2463,chr6_63651,BABCDA,2,7
2464,chr6_63651,ABABCD,7,12
2465,chr6_63651,BABCDA,8,13
2466,chr6_659687,ABC,1,3
2467,chr6_659687,ABC,8,10
2468,chr6_659687,ABC,13,15
2469,chr6_691881,ABCB,1,4
2470,chr6_691881,CBAB,3,6
2471,chr6_691881,BABD,4,7
2472,chr6_691881,BDC,6,8
2473,chr6_691881,BDC,9,11
2474,chr6_691881,CBAB,11,14
2475,chr6_691881,BABD,14,17
2476,chr6_691881,ABCB,20,23
2477,chr6_691881,CBAB,22,25
2478,chr6_691881,ABCB,24,27
2479,chr6_691881,CBAB,28,31
2480,chr6_701881,ABC,1,3
2481,chr6_701881,BCDE,2,5
2482,chr6_701881,DEBC,4,7
2483,chr6_701881,BCDE,6,9
2484,chr6_701881,ABC,12,14
2485,chr6_701881,BCDE,13,16
2486,chr6_701881,DEBC,15,18
2487,chr6_701881,BCDE,17,20
2488,chr6_73651,ABC,2,4
2489,chr6_73651,BCD,3,5
2490,chr6_73651,BCD,11,13
2491,chr6_73651,ABC,18,20
2492,chr6_824706,ABAC,1,4
2493,chr6_824706,ACAB,3,6
2494,chr6_824706,ABAC,5,8
2495,chr6_824706,ACAB,7,10
2496,chr6_824706,ABAC,11,14
2497,chr6_824706,ACAB,15,18
2498,chr6_824706,ACAB,21,24
2499,chr6_824706,ABAC,25,28
2500,chr6_824706,ACAB,27,30
2501,chr6_824706,ABAC,29,32
2502,chr6_834706,ABAB,1,4
2503,chr6_834706,CABA,8,11
2504,chr6_834706,CABA,14,17
2505,chr6_834706,ABAB,15,18
2506,chr6_834706,CABA,22,25
2507,chr6_834706,ADADAB,25,30
2508,chr6_834706,ADADAB,31,36
2509,chr6_834706,ADADAB,37,42
2510,chr6_834706,CABA,44,47
2511,chr6_834706,CABA,48,51
2512,chr6_834706,ABAB,49,52
2513,chr6_834706,CABA,56,59
2514,chr6_834706,CABA,61,64
2515,chr6_854706,ABCD,2,5
2516,chr6_854706,CDA,4,6
2517,chr6_854706,DAB,5,7
2518,chr6_854706,ABCD,6,9
2519,chr6_854706,CDA,8,10
2520,chr6_854706,DAB,9,11
2521,chr6_854706,ABCD,10,13
2522,chr6_854706,CDA,12,14
2523,chr6_854706,DAB,13,15
2524,chr6_854706,ABCD,14,17
2525,chr6_854706,CDA,16,18
2526,chr6_854706,DAB,17,19
2527,chr6_854706,ABCD,18,21
2528,chr6_854706,CDA,20,22
2529,chr6_854706,DAB,25,27
2530,chr6_854706,CDA,29,31
2531,chr6_864706,BABABC,7,12
2532,chr6_864706,BABABC,14,19
2533,chr6_864706,ADC,21,23
2534,chr6_864706,ADC,25,27
2535,chr6_884706,BCBA,4,7
2536,chr6_884706,ABBC,7,10
2537,chr6_884706,BCBA,9,12
2538,chr6_884706,ABBC,12,15
2539,chr6_904706,BACD,5,8
2540,chr6_904706,CDBA,7,10
2541,chr6_904706,BACD,9,12
2542,chr6_904706,CDBA,11,14
2543,chr6_904706,BABA,13,16
2544,chr6_904706,BACD,15,18
2545,chr6_904706,CDBA,17,20
2546,chr6_904706,BABA,19,22
2547,chr6_904706,BACD,21,24
2548,chr6_904706,CDEFG,23,27
2549,chr6_904706,FGCC,26,29
2550,chr6_904706,CDBA,29,32
2551,chr6_904706,BABA,31,34
2552,chr6_904706,BACD,33,36
2553,chr6_904706,FGCC,37,40
2554,chr6_904706,CDEFG,40,44
2555,chr6_904706,FGCC,43,46
2556,chr6_904706,BABA,47,50
2557,chr7_154708871,CFG,8,10
2558,chr7_154708871,CFG,16,18
2559,chr7_154708871,GFC,27,29
2560,chr7_154708871,GFC,36,38
2561,chr7_154718871,ABD,32,34
2562,chr7_154718871,ABD,36,38
2563,chr7_154718871,CAAB,39,42
2564,chr7_154718871,ABAC,49,52
2565,chr7_154718871,CAAB,52,55
2566,chr7_154718871,ABAC,54,57
2567,chr7_154718871,CAAB,57,60
2568,chr7_154718871,ABD,59,61
2569,chr7_154738871,ABC,2,4
2570,chr7_154738871,DBEF,7,10
2571,chr7_154738871,ABC,16,18
2572,chr7_154738871,BCH,20,22
2573,chr7_154738871,CHB,21,23
2574,chr7_154738871,DBEF,28,31
2575,chr7_154738871,EFJB,30,33
2576,chr7_154738871,GKA,35,37
2577,chr7_154738871,ABC,46,48
2578,chr7_154738871,BCH,47,49
2579,chr7_154738871,CHB,48,50
2580,chr7_154738871,GKA,53,55
2581,chr7_154738871,KAB,54,56
2582,chr7_154738871,KAB,58,60
2583,chr7_154738871,DBEF,64,67
2584,chr7_154738871,EFJB,66,69
2585,chr7_154738871,CHB,71,73
2586,chr7_56200463,CAB,3,5
2587,chr7_56200463,CAB,8,10
2588,chr7_56210463,BBDE,8,11
2589,chr7_56210463,DEABBBCB,10,17
2590,chr7_56210463,BBDE,23,26
2591,chr7_56210463,DEABBBCB,25,32
2592,chr7_56210463,BBDE,41,44
2593,chr7_56210463,DEFBB,43,47
2594,chr7_56210463,BBDE,62,65
2595,chr7_56210463,DEFBB,64,68
2596,chr7_56513020,CEFBCGHI,10,17
2597,chr7_56513020,CEFBCGHI,18,25
2598,chr7_56549227,IOKALPM,48,54
2599,chr7_56549227,IOKALPM,57,63
2600,chr7_56601448,CAJ,14,16
2601,chr7_56601448,AJIHD,15,19
2602,chr7_56601448,EFGCA,20,24
2603,chr7_56601448,CAJ,23,25
2604,chr7_56601448,AJIHD,24,28
2605,chr7_56601448,EFGCA,30,34
2606,chr7_56601448,CAJ,33,35
2607,chr7_56601448,AJIHD,34,38
2608,chr7_56601448,HCA,42,44
2609,chr7_56601448,CAJ,43,45
2610,chr7_56601448,AJIHD,44,48
2611,chr7_56601448,EFGCA,50,54
2612,chr7_56601448,CAJ,53,55
2613,chr7_56601448,AJIHD,54,58
2614,chr7_56601448,EFGCA,60,64
2615,chr7_56601448,CAJ,63,65
2616,chr7_56601448,AJIHD,64,68
2617,chr7_56601448,EFGCA,70,74
2618,chr7_56601448,CAJ,73,75
2619,chr7_56601448,AJKJDB,74,79
2620,chr7_56601448,BELOMN,79,84
2621,chr7_56601448,HCA,86,88
2622,chr7_56601448,CAJ,87,89
2623,chr7_56601448,AJKJDB,88,93
2624,chr7_56601448,BELOMN,93,98
2625,chr7_56601448,WXQ,99,101
2626,chr7_56601448,QQRS,105,108
2627,chr7_56601448,RUV,111,113
2628,chr7_56601448,WXQ,115,117
2629,chr7_56601448,QQRS,117,120
2630,chr7_56601448,RUV,124,126
2631,chr7_56631448,AEEB,2,5
2632,chr7_56631448,EDBE,8,11
2633,chr7_56631448,BEED,13,16
2634,chr7_56631448,EDBE,15,18
2635,chr7_56631448,CFAEE,20,24
2636,chr7_56631448,AEEB,22,25
2637,chr7_56631448,BEED,25,28
2638,chr7_56631448,EDBE,27,30
2639,chr7_56631448,CFAEE,32,36
2640,chr7_56631448,AEEB,34,37
2641,chr7_56631448,BEED,37,40
2642,chr7_56631448,EDBE,39,42
2643,chr7_56631448,BEGE,41,44
2644,chr7_56631448,EGEHIE,42,47
2645,chr7_56631448,EDBE,49,52
2646,chr7_56631448,BEGE,51,54
2647,chr7_56631448,EGEHIE,52,57
2648,chr7_56631448,EJED,57,60
2649,chr7_56631448,EDBE,59,62
2650,chr7_56631448,BEGE,61,64
2651,chr7_56631448,EJED,64,67
2652,chr7_56631448,EDBE,66,69
2653,chr7_56631448,BEGE,68,71
2654,chr7_56631448,EGEHIE,69,74
2655,chr7_56631448,EDBE,80,83
2656,chr7_56631448,MBKN,93,96
2657,chr7_56631448,MBKN,100,103
2658,chr7_58541845,CDJEFAGHI,4,12
2659,chr7_58541845,CDJEFAGHI,18,26
2660,chr7_58599306,ABBA,1,4
2661,chr7_58599306,ABBA,17,20
2662,chr8_118936,ABCDEF,3,8
2663,chr8_118936,EFGH,7,10
2664,chr8_118936,GHIJK,9,13
2665,chr8_118936,LMN,17,19
2666,chr8_118936,MNO,18,20
2667,chr8_118936,ABCDEF,22,27
2668,chr8_118936,EFGH,26,29
2669,chr8_118936,MNO,34,36
2670,chr8_118936,OQRSTUVFWXY,38,48
2671,chr8_118936,EFGH,49,52
2672,chr8_118936,GHIJK,51,55
2673,chr8_118936,LMN,57,59
2674,chr8_118936,MNO,58,60
2675,chr8_118936,OQRSTUVFWXY,61,71
2676,chr8_161584319,ABC,5,7
2677,chr8_161584319,BCA,6,8
2678,chr8_161584319,CAAB,11,14
2679,chr8_161584319,ABC,13,15
2680,chr8_161584319,BCA,14,16
2681,chr8_161584319,CAAADC,21,26
2682,chr8_161584319,DCA,25,27
2683,chr8_161584319,CAB,26,28
2684,chr8_161584319,ABC,27,29
2685,chr8_161584319,BCA,28,30
2686,chr8_161584319,CAAB,43,46
2687,chr8_161584319,ABC,45,47
2688,chr8_161584319,BCA,46,48
2689,chr8_161584319,CAF,47,49
2690,chr8_161584319,CAF,52,54
2691,chr8_161584319,BCA,56,58
2692,chr8_161584319,CAAADC,57,62
2693,chr8_161584319,ABAB,65,68
2694,chr8_161584319,ABC,67,69
2695,chr8_161584319,BCA,68,70
2696,chr8_161584319,CAB,71,73
2697,chr8_161584319,ABC,72,74
2698,chr8_161584319,BCA,73,75
2699,chr8_161584319,CAB,74,76
2700,chr8_161584319,ABAB,75,78
2701,chr8_161584319,ABC,77,79
2702,chr8_161584319,BCA,78,80
2703,chr8_161584319,CAF,79,81
2704,chr8_161584319,AFAB,80,83
2705,chr8_161584319,ABC,82,84
2706,chr8_161584319,BCA,83,85
2707,chr8_161584319,CAAADC,84,89
2708,chr8_161584319,DCA,88,90
2709,chr8_161584319,ABC,92,94
2710,chr8_161584319,BCA,93,95
2711,chr8_161584319,CAF,94,96
2712,chr8_161584319,AFAB,95,98
2713,chr8_161584319,ABC,97,99
2714,chr8_161584319,BCA,98,100
2715,chr8_161584319,CAAADC,99,104
2716,chr8_161584319,DCA,103,105
2717,chr8_161811293,DAB,1,3
2718,chr8_161811293,ABCA,2,5
2719,chr8_161811293,BCAA,3,6
2720,chr8_161811293,DAB,15,17
2721,chr8_161811293,DAB,19,21
2722,chr8_161811293,ABCA,20,23
2723,chr8_161811293,BCAA,21,24
2724,chr8_161831293,ABE,7,9
2725,chr8_161831293,EFA,14,16
2726,chr8_161831293,EFA,18,20
2727,chr8_161831293,FAB,19,21
2728,chr8_161831293,ABFFA,20,24
2729,chr8_161831293,FAB,23,25
2730,chr8_161831293,FAB,38,40
2731,chr8_161831293,ABFFA,39,43
2732,chr8_161831293,FAB,42,44
2733,chr8_161831293,ABE,43,45
2734,chr8_161831293,EFA,45,47
2735,chr8_161831293,FAB,46,48
2736,chr8_161872165,FBCD,3,6
2737,chr8_161872165,EFB,7,9
2738,chr8_161872165,FBCD,8,11
2739,chr8_161872165,EFB,37,39
2740,chr8_161882165,ABC,2,4
2741,chr8_161882165,ABC,8,10
2742,chr8_161882165,CCABEBCF,22,29
2743,chr8_161882165,ABC,30,32
2744,chr8_161882165,CCABEBCF,33,40
2745,chr8_161892165,ABAB,38,41
2746,chr8_161892165,BABA,39,42
2747,chr8_161892165,ABAB,50,53
2748,chr8_161892165,BABA,51,54
2749,chr8_161974790,ABAB,40,43
2750,chr8_161974790,ABAB,53,56
2751,chr8_161974790,FAAB,97,100
2752,chr8_161974790,FAAB,104,107
2753,chr8_162004790,ABC,1,3
2754,chr8_162004790,BCDA,2,5
2755,chr8_162004790,ABC,5,7
2756,chr8_162004790,BCDA,6,9
2757,chr8_162004790,ECF,11,13
2758,chr8_162004790,CFA,12,14
2759,chr8_162004790,FAGE,13,16
2760,chr8_162004790,ABC,21,23
2761,chr8_162004790,BCDA,22,25
2762,chr8_162004790,BCDA,27,30
2763,chr8_162004790,ECF,32,34
2764,chr8_162004790,CFA,33,35
2765,chr8_162004790,FAGE,34,37
2766,chr8_162004790,ECF,37,39
2767,chr8_162004790,CFA,38,40
2768,chr8_162004790,ABC,40,42
2769,chr8_162004790,CFA,48,50
2770,chr8_162004790,FAGE,49,52
2771,chr8_162004790,ECF,52,54
2772,chr8_162004790,CFA,53,55
2773,chr8_162004790,CFA,59,61
2774,chr8_162004790,FAGE,60,63
2775,chr8_162004790,ECI,63,65
2776,chr8_162004790,CICE,64,67
2777,chr8_162004790,ECI,69,71
2778,chr8_162004790,CICE,70,73
2779,chr8_162004790,ECI,73,75
2780,chr8_162004790,CICE,74,77
2781,chr8_162004790,ECI,77,79
2782,chr8_162109591,AFGBHIJCDKE,2,12
2783,chr8_162109591,AFGBHIJCDKE,15,25
2784,chr8_162109591,JJNOL,32,36
2785,chr8_162109591,JJNOL,44,48
2786,chr8_162109591,MQPR,88,91
2787,chr8_162109591,MQPR,98,101
2788,chr8_162328213,DAE,12,14
2789,chr8_162328213,DAE,17,19
2790,chr8_162328213,AEF,18,20
2791,chr8_162328213,AEF,32,34
2792,chr8_162328213,FAE,34,36
2793,chr8_162328213,AEF,35,37
2794,chr8_162328213,FAE,37,39
2795,chr8_162328213,AEF,38,40
2796,chr8_162328213,FAE,40,42
2797,chr8_162328213,AEF,41,43
2798,chr8_162328213,FAE,43,45
2799,chr8_162328213,AEF,44,46
2800,chr8_162328213,FAE,46,48
2801,chr8_162328213,AEF,47,49
2802,chr8_162328213,FAE,49,51
2803,chr8_162328213,AEF,50,52
2804,chr8_162328213,FAE,52,54
2805,chr8_162338213,DEA,11,13
2806,chr8_162338213,AFGBAH,13,18
2807,chr8_162338213,AHID,17,20
2808,chr8_162338213,AFGBAH,40,45
2809,chr8_162338213,AHID,44,47
2810,chr8_162338213,DEA,47,49
2811,chr8_162338213,EAH,48,50
2812,chr8_162338213,AHID,49,52
2813,chr8_162338213,DEA,52,54
2814,chr8_162338213,EAH,53,55
2815,chr8_162348213,CCDB,5,8
2816,chr8_162348213,ECBCCB,11,16
2817,chr8_162348213,CCDB,18,21
2818,chr8_162348213,CCDB,22,25
2819,chr8_162348213,ECBCCB,29,34
2820,chr8_162348213,CCBFCB,32,37
2821,chr8_162348213,CCBFCB,46,51
2822,chr8_162358213,BAK,34,36
2823,chr8_162358213,BAK,50,52
2824,chr8_162391173,BCAEC,10,14
2825,chr8_162391173,BCAEC,16,20
2826,chr8_162391173,FACGHGCC,25,32
2827,chr8_162391173,FACGHGCC,34,41
2828,chr8_162443861,DIEG,19,22
2829,chr8_162443861,HED,24,26
2830,chr8_162443861,DIEG,30,33
2831,chr8_162443861,HED,35,37
2832,chr8_162443861,KLMENDO,45,51
2833,chr8_162443861,KLMENDO,52,58
2834,chr8_162443861,DEP,67,69
2835,chr8_162443861,DEP,72,74
2836,chr8_162443861,DAB,95,97
2837,chr8_162443861,EDA,98,100
2838,chr8_162443861,DAB,99,101
2839,chr8_162443861,ABPED,100,104
2840,chr8_162443861,EDA,103,105
2841,chr8_162443861,DAB,104,106
2842,chr8_162443861,ABPED,105,109
2843,chr8_162535351,ABCDBEF,3,9
2844,chr8_162535351,ABCDBEF,11,17
2845,chr8_49455906,CDEA,12,15
2846,chr8_49455906,CDEA,28,31
2847,chr8_49560641,DEAC,7,10
2848,chr8_49560641,CFGHAC,10,15
2849,chr8_49560641,CFJH,15,18
2850,chr8_49560641,JHICF,17,21
2851,chr8_49560641,CFJH,20,23
2852,chr8_49560641,JHAB,22,25
2853,chr8_49560641,DEAC,30,33
2854,chr8_49560641,CFGHAC,33,38
2855,chr8_49560641,CFJH,38,41
2856,chr8_49560641,JHICF,40,44
2857,chr8_49560641,CFJH,43,46
2858,chr8_49560641,JHAB,45,48
2859,chr8_70221633,ABC,2,4
2860,chr8_70221633,ABC,5,7
2861,chr8_70221633,ABDCE,8,12
2862,chr8_70221633,ABDCE,13,17
2863,chr8_70221633,ABDCE,18,22
2864,chr8_70221633,ABC,23,25
2865,chr8_70221633,ABC,26,28
2866,chr8_70231633,ABC,2,4
2867,chr8_70231633,BCA,3,5
2868,chr8_70231633,ABC,5,7
2869,chr8_70231633,BCA,6,8
2870,chr8_70231633,ABC,11,13
2871,chr8_70231633,BCA,12,14
2872,chr8_70341633,ABCA,4,7
2873,chr8_70341633,ABCA,29,32
2874,chr8_70396573,ABCA,2,5
2875,chr8_70396573,ABCA,7,10
2876,chr8_70447768,ABC,2,4
2877,chr8_70447768,ABC,5,7
2878,chr8_70447768,ABC,8,10
2879,chr8_70447768,ABC,11,13
2880,chr8_70447768,ADC,20,22
2881,chr8_70447768,ADC,23,25
2882,chr8_70447768,ABC,26,28
2883,chr8_70551797,ACBA,23,26
2884,chr8_70551797,ACBA,28,31
2885,chr8_70695523,BCD,5,7
2886,chr8_70695523,BCD,8,10
2887,chr8_70695523,BCD,11,13
2888,chr8_70695523,BCD,14,16
2889,chr8_70695523,BCD,17,19
2890,chr8_70909306,AABACACD,1,8
2891,chr8_70909306,ABACACDA,2,9
2892,chr8_70909306,AABACACD,11,18
2893,chr8_70909306,ABACACDA,12,19
2894,chr8_70929306,ABC,2,4
2895,chr8_70929306,CAB,4,6
2896,chr8_70929306,ABC,5,7
2897,chr8_70929306,CAB,7,9
2898,chr8_70929306,ABC,8,10
2899,chr8_70929306,CAB,10,12
2900,chr8_70929306,ABC,11,13
2901,chr8_70929306,CAB,13,15
2902,chr8_70929306,ABC,14,16
2903,chr8_70929306,CAB,16,18
2904,chr8_70929306,ABC,17,19
2905,chr8_70929306,CAB,22,24
2906,chr8_70929306,ABC,23,25
2907,chr8_70929306,CAB,25,27
2908,chr8_70929306,ABC,26,28
2909,chr8_70929306,CAB,28,30
2910,chr8_70929306,ABC,29,31
2911,chr8_70929306,CAB,31,33
2912,chr8_70929306,ABC,32,34
2913,chr8_70976224,AJBCD,5,9
2914,chr8_70976224,FGHI,11,14
2915,chr8_70976224,AJBCD,15,19
2916,chr8_70976224,FGHI,20,23
2917,chr8_70976224,KLH,24,26
2918,chr8_70976224,KLH,27,29
2919,chr8_70976224,AJBCD,30,34
2920,chr8_70986224,BCA,5,7
2921,chr8_70986224,BCA,8,10
2922,chr8_70986224,BCA,11,13
2923,chr8_70996224,ABC,2,4
2924,chr8_70996224,ABC,5,7
2925,chr8_70996224,ABC,8,10
2926,chr8_71058175,ABCDECDB,2,9
2927,chr8_71058175,BCDECDBA,3,10
2928,chr8_71058175,ABCDECDB,10,17
2929,chr8_71058175,BCDECDBA,11,18
2930,chr9_101513,ACCB,13,16
2931,chr9_101513,CCBA,14,17
2932,chr9_101513,ACCB,41,44
2933,chr9_101513,ACCB,46,49
2934,chr9_101513,CCBA,47,50
2935,chr9_101513,BAACC,49,53
2936,chr9_101513,ACCB,51,54
2937,chr9_101513,CCBA,52,55
2938,chr9_101513,BAACC,54,58
2939,chr9_101513,ACCB,56,59
2940,chr9_101513,CCBA,57,60
2941,chr9_101513,BAACC,59,63
2942,chr9_101513,ACCB,61,64
2943,chr9_101513,CCBA,62,65
2944,chr9_141513,BAC,7,9
2945,chr9_141513,ACD,8,10
2946,chr9_141513,DEBAA,10,14
2947,chr9_141513,BAC,15,17
2948,chr9_141513,ACD,16,18
2949,chr9_141513,DEBAA,18,22
2950,chr9_141513,BAC,23,25
2951,chr9_141513,ACD,24,26
2952,chr9_141513,DEBAA,26,30
2953,chr9_141513,BAC,31,33
2954,chr9_141513,ACD,32,34
2955,chr9_141513,DEBAA,34,38
2956,chr9_141513,FBAA,39,42
2957,chr9_141513,BAC,44,46
2958,chr9_141513,ACD,45,47
2959,chr9_141513,DEBAA,47,51
2960,chr9_141513,BAC,52,54
2961,chr9_141513,ACD,53,55
2962,chr9_141513,FBAA,58,61
2963,chr9_141513,BAC,64,66
2964,chr9_141513,ACD,65,67
2965,chr9_141513,ACD,70,72
2966,chr9_161513,BBCD,22,25
2967,chr9_161513,CDB,24,26
2968,chr9_161513,EBBC,32,35
2969,chr9_161513,EBBC,37,40
2970,chr9_161513,BBCD,38,41
2971,chr9_161513,CDB,40,42
2972,chr9_161513,EBBC,46,49
2973,chr9_161513,BBCD,47,50
2974,chr9_161513,CDB,52,54
2975,chr9_191513,ABCDE,2,6
2976,chr9_191513,ABCDE,7,11
2977,chr9_191513,ABCDE,12,16
2978,chr9_191513,ABCDE,17,21
2979,chr9_191513,BCGHIBFJ,27,34
2980,chr9_191513,KLMB,40,43
2981,chr9_191513,KLMB,46,49
2982,chr9_191513,BCGHIBFJ,49,56
2983,chr9_201513,BACA,6,9
2984,chr9_201513,BACA,12,15
2985,chr9_201513,CAB,14,16
2986,chr9_201513,CAB,29,31
2987,chr9_201513,ABAB,30,33
2988,chr9_201513,ABAB,41,44
2989,chr9_28190,CDE,9,11
2990,chr9_28190,CDE,21,23
2991,chr9_348336,ACCB,1,4
2992,chr9_348336,DCCGCH,9,14
2993,chr9_348336,CHE,13,15
2994,chr9_348336,HEFC,14,17
2995,chr9_348336,ACCB,18,21
2996,chr9_348336,DCCGCH,26,31
2997,chr9_348336,CHE,30,32
2998,chr9_348336,CHE,59,61
2999,chr9_348336,HEFC,60,63
3000,chr9_389932,CDB,10,12
3001,chr9_389932,CDB,13,15
3002,chr9_441291,BAC,6,8
3003,chr9_441291,DEBA,12,15
3004,chr9_441291,BAC,14,16
3005,chr9_441291,DEBA,19,22
3006,chr9_441291,AAFB,29,32
3007,chr9_441291,FBAAAG,31,36
3008,chr9_441291,AAFB,47,50
3009,chr9_441291,FBAAAG,49,54
3010,chr9_451291,FDG,23,25
3011,chr9_451291,DGJH,24,27
3012,chr9_451291,IFD,32,34
3013,chr9_451291,FDG,33,35
3014,chr9_451291,IFD,37,39
3015,chr9_451291,FDG,38,40
3016,chr9_451291,DGJH,39,42
3017,chr9_58164177,ABECD,2,6
3018,chr9_58164177,ABECD,9,13
3019,chr9_58164177,IJG,44,46
3020,chr9_58164177,IJG,55,57
3021,chr9_58194177,BACD,3,6
3022,chr9_58194177,BACD,10,13
3023,chr9_58358757,AFL,1,3
3024,chr9_58358757,CAF,14,16
3025,chr9_58358757,AFL,15,17
3026,chr9_58358757,GIH,28,30
3027,chr9_58358757,IHCJK,29,33
3028,chr9_58358757,GIH,34,36
3029,chr9_58358757,IHCJK,35,39
3030,chr9_58358757,CDG,41,43
3031,chr9_58358757,GIH,43,45
3032,chr9_58358757,CAF,47,49
3033,chr9_58358757,AFL,48,50
3034,chr9_58358757,FLA,49,51
3035,chr9_58358757,CDG,53,55
3036,chr9_58358757,CAF,60,62
3037,chr9_58358757,AFL,61,63
3038,chr9_58358757,FLA,62,64
3039,chr9_58368757,CCAD,12,15
3040,chr9_58368757,CCAD,18,21
3041,chr9_58368757,CCCEFHGC,22,29
3042,chr9_58368757,CCCEFHGC,33,40
3043,chr9_58368757,GCIC,39,42
3044,chr9_58368757,CCCEFHGC,42,49
3045,chr9_58368757,GCIC,48,51
3046,chr9_58368757,CCCEFHGC,54,61
3047,chr9_58368757,GCIC,60,63
3048,chr9_58378757,GHACDE,19,24
3049,chr9_58378757,GHACDE,34,39
3050,chr9_58661243,ABJCDEFG,3,10
3051,chr9_58661243,FGHIG,9,13
3052,chr9_58661243,ABJCDEFG,15,22
3053,chr9_58661243,FGHIG,21,25
3054,chr9_58661243,FGHIG,27,31
3055,chr9_58698191,ACCDE,4,8
3056,chr9_58698191,DEC,7,9
3057,chr9_58698191,FGAC,16,19
3058,chr9_58698191,DEC,21,23
3059,chr9_58698191,ECIJ,22,25
3060,chr9_58698191,IJKL,24,27
3061,chr9_58698191,JNCOIJ,31,36
3062,chr9_58698191,IJKL,35,38
3063,chr9_58698191,KLAP,37,40
3064,chr9_58698191,FGAC,41,44
3065,chr9_58698191,ACCDE,43,47
3066,chr9_58698191,DEC,46,48
3067,chr9_58698191,ECIJ,47,50
3068,chr9_58698191,JNCOIJ,50,55
3069,chr9_58698191,IJKL,54,57
3070,chr9_58698191,KLAP,56,59
3071,chr9_58708191,HACCB,1,5
3072,chr9_58708191,CCBD,3,6
3073,chr9_58708191,CCBD,8,11
3074,chr9_58708191,DCFE,11,14
3075,chr9_58708191,FEC,13,15
3076,chr9_58708191,FEC,18,20
3077,chr9_58708191,ECG,19,21
3078,chr9_58708191,HACCB,25,29
3079,chr9_58708191,CCBD,27,30
3080,chr9_58708191,DCFE,30,33
3081,chr9_58708191,FEC,32,34
3082,chr9_58708191,ECG,33,35
3083,chr9_58708191,ECG,39,41
3084,chr9_58718191,ABCAAB,11,16
3085,chr9_58718191,AABD,14,17
3086,chr9_58718191,DADA,17,20
3087,chr9_58718191,DAAB,19,22
3088,chr9_58718191,AABD,20,23
3089,chr9_58718191,AABD,27,30
3090,chr9_58718191,DADA,30,33
3091,chr9_58718191,ABCAAB,38,43
3092,chr9_58718191,AABD,41,44
3093,chr9_58718191,ABEADA,45,50
3094,chr9_58718191,DAAB,49,52
3095,chr9_58718191,AABD,50,53
3096,chr9_58718191,DADA,53,56
3097,chr9_58718191,AABD,57,60
3098,chr9_58718191,DADA,60,63
3099,chr9_58718191,DAAB,62,65
3100,chr9_58718191,AABD,63,66
3101,chr9_58718191,DADA,66,69
3102,chr9_58718191,AABD,70,73
3103,chr9_58718191,DADA,73,76
3104,chr9_58718191,AABD,77,80
3105,chr9_58718191,DADA,80,83
3106,chr9_58718191,DAAB,82,85
3107,chr9_58718191,AABD,83,86
3108,chr9_58718191,ABEADA,93,98
3109,chr9_58718191,DAAB,97,100
3110,chr9_58718191,AABD,98,101
3111,chr9_58718191,DADA,101,104
3112,chr9_58718191,AABD,105,108
3113,chr9_58718191,DADA,108,111
3114,chr9_77144724,EFGHICBB,14,21
3115,chr9_77144724,BBJKNLB,21,27
3116,chr9_77144724,LBBMJ,26,30
3117,chr9_77144724,EFGHICBB,32,39
3118,chr9_77144724,BBJKNLB,38,44
3119,chr9_77144724,BBJKNLB,45,51
3120,chr9_77144724,LBBMJ,50,54
3121,chr9_77154724,ABC,2,4
3122,chr9_77154724,ABC,17,19
